run_id,variant,status,skipped,error_type,error_message,gcs_prefix
adstock_comparison_20260303_090817_testall,geometric,failed,True,,"Error in df$DOW : object of type 'closure' is not subsettable
Calls: ifelse -> %in%
",gs://mmm-app-output/benchmarks/adstock_comparison_20260303_090817_testall/geometric
adstock_comparison_20260303_090817_testall,weibull_cdf,failed,True,,"Error in df$DOW : object of type 'closure' is not subsettable
Calls: ifelse -> %in%
",gs://mmm-app-output/benchmarks/adstock_comparison_20260303_090817_testall/weibull_cdf
adstock_comparison_20260303_090817_testall,weibull_pdf,failed,True,,"Error in df$DOW : object of type 'closure' is not subsettable
Calls: ifelse -> %in%
",gs://mmm-app-output/benchmarks/adstock_comparison_20260303_090817_testall/weibull_pdf
comprehensive_benchmark_20260122_113141_20260303_092103,geometric_65_80_daily_mixed_by_funnel,unknown,False,,,gs://mmm-app-output/benchmarks/comprehensive_benchmark_20260122_113141_20260303_092103/geometric_65_80_daily_mixed_by_funnel
comprehensive_benchmark_20260122_113141_20260303_092103,geometric_65_80_daily_spend_to_proxy,unknown,False,,,gs://mmm-app-output/benchmarks/comprehensive_benchmark_20260122_113141_20260303_092103/geometric_65_80_daily_spend_to_proxy
comprehensive_benchmark_20260122_113141_20260303_092103,geometric_65_80_daily_spend_to_spend,unknown,False,,,gs://mmm-app-output/benchmarks/comprehensive_benchmark_20260122_113141_20260303_092103/geometric_65_80_daily_spend_to_spend
comprehensive_benchmark_20260122_113141_20260303_092103,geometric_65_80_weekly_mixed_by_funnel,unknown,False,,,gs://mmm-app-output/benchmarks/comprehensive_benchmark_20260122_113141_20260303_092103/geometric_65_80_weekly_mixed_by_funnel
comprehensive_benchmark_20260122_113141_20260303_092103,geometric_65_80_weekly_spend_to_proxy,unknown,False,,,gs://mmm-app-output/benchmarks/comprehensive_benchmark_20260122_113141_20260303_092103/geometric_65_80_weekly_spend_to_proxy
comprehensive_benchmark_20260122_113141_20260303_092103,geometric_65_80_weekly_spend_to_spend,unknown,False,,,gs://mmm-app-output/benchmarks/comprehensive_benchmark_20260122_113141_20260303_092103/geometric_65_80_weekly_spend_to_spend
comprehensive_benchmark_20260122_113141_20260303_092103,geometric_70_90_daily_mixed_by_funnel,unknown,False,,,gs://mmm-app-output/benchmarks/comprehensive_benchmark_20260122_113141_20260303_092103/geometric_70_90_daily_mixed_by_funnel
comprehensive_benchmark_20260122_113141_20260303_092103,geometric_70_90_daily_spend_to_proxy,unknown,False,,,gs://mmm-app-output/benchmarks/comprehensive_benchmark_20260122_113141_20260303_092103/geometric_70_90_daily_spend_to_proxy
comprehensive_benchmark_20260122_113141_20260303_092103,geometric_70_90_daily_spend_to_spend,unknown,False,,,gs://mmm-app-output/benchmarks/comprehensive_benchmark_20260122_113141_20260303_092103/geometric_70_90_daily_spend_to_spend
comprehensive_benchmark_20260122_113141_20260303_092103,geometric_70_90_weekly_mixed_by_funnel,unknown,False,,,gs://mmm-app-output/benchmarks/comprehensive_benchmark_20260122_113141_20260303_092103/geometric_70_90_weekly_mixed_by_funnel
comprehensive_benchmark_20260122_113141_20260303_092103,geometric_70_90_weekly_spend_to_proxy,unknown,False,,,gs://mmm-app-output/benchmarks/comprehensive_benchmark_20260122_113141_20260303_092103/geometric_70_90_weekly_spend_to_proxy
comprehensive_benchmark_20260122_113141_20260303_092103,geometric_70_90_weekly_spend_to_spend,unknown,False,,,gs://mmm-app-output/benchmarks/comprehensive_benchmark_20260122_113141_20260303_092103/geometric_70_90_weekly_spend_to_spend
comprehensive_benchmark_20260122_113141_20260303_092103,geometric_75_90_daily_mixed_by_funnel,unknown,False,,,gs://mmm-app-output/benchmarks/comprehensive_benchmark_20260122_113141_20260303_092103/geometric_75_90_daily_mixed_by_funnel
comprehensive_benchmark_20260122_113141_20260303_092103,geometric_75_90_daily_spend_to_proxy,unknown,False,,,gs://mmm-app-output/benchmarks/comprehensive_benchmark_20260122_113141_20260303_092103/geometric_75_90_daily_spend_to_proxy
comprehensive_benchmark_20260122_113141_20260303_092103,geometric_75_90_daily_spend_to_spend,unknown,False,,,gs://mmm-app-output/benchmarks/comprehensive_benchmark_20260122_113141_20260303_092103/geometric_75_90_daily_spend_to_spend
comprehensive_benchmark_20260122_113141_20260303_092103,geometric_75_90_weekly_mixed_by_funnel,unknown,False,,,gs://mmm-app-output/benchmarks/comprehensive_benchmark_20260122_113141_20260303_092103/geometric_75_90_weekly_mixed_by_funnel
comprehensive_benchmark_20260122_113141_20260303_092103,geometric_75_90_weekly_spend_to_proxy,unknown,False,,,gs://mmm-app-output/benchmarks/comprehensive_benchmark_20260122_113141_20260303_092103/geometric_75_90_weekly_spend_to_proxy
comprehensive_benchmark_20260122_113141_20260303_092103,geometric_75_90_weekly_spend_to_spend,unknown,False,,,gs://mmm-app-output/benchmarks/comprehensive_benchmark_20260122_113141_20260303_092103/geometric_75_90_weekly_spend_to_spend
comprehensive_benchmark_20260122_113141_20260303_092103,weibull_cdf_65_80_daily_mixed_by_funnel,unknown,False,,,gs://mmm-app-output/benchmarks/comprehensive_benchmark_20260122_113141_20260303_092103/weibull_cdf_65_80_daily_mixed_by_funnel
comprehensive_benchmark_20260122_113141_20260303_092103,weibull_cdf_65_80_daily_spend_to_proxy,unknown,False,,,gs://mmm-app-output/benchmarks/comprehensive_benchmark_20260122_113141_20260303_092103/weibull_cdf_65_80_daily_spend_to_proxy
comprehensive_benchmark_20260122_113141_20260303_092103,weibull_cdf_65_80_daily_spend_to_spend,unknown,False,,,gs://mmm-app-output/benchmarks/comprehensive_benchmark_20260122_113141_20260303_092103/weibull_cdf_65_80_daily_spend_to_spend
comprehensive_benchmark_20260122_113141_20260303_092103,weibull_cdf_65_80_weekly_mixed_by_funnel,unknown,False,,,gs://mmm-app-output/benchmarks/comprehensive_benchmark_20260122_113141_20260303_092103/weibull_cdf_65_80_weekly_mixed_by_funnel
comprehensive_benchmark_20260122_113141_20260303_092103,weibull_cdf_65_80_weekly_spend_to_proxy,unknown,False,,,gs://mmm-app-output/benchmarks/comprehensive_benchmark_20260122_113141_20260303_092103/weibull_cdf_65_80_weekly_spend_to_proxy
comprehensive_benchmark_20260122_113141_20260303_092103,weibull_cdf_65_80_weekly_spend_to_spend,unknown,False,,,gs://mmm-app-output/benchmarks/comprehensive_benchmark_20260122_113141_20260303_092103/weibull_cdf_65_80_weekly_spend_to_spend
comprehensive_benchmark_20260122_113141_20260303_092103,weibull_cdf_70_90_daily_mixed_by_funnel,unknown,False,,,gs://mmm-app-output/benchmarks/comprehensive_benchmark_20260122_113141_20260303_092103/weibull_cdf_70_90_daily_mixed_by_funnel
comprehensive_benchmark_20260122_113141_20260303_092103,weibull_cdf_70_90_daily_spend_to_proxy,unknown,False,,,gs://mmm-app-output/benchmarks/comprehensive_benchmark_20260122_113141_20260303_092103/weibull_cdf_70_90_daily_spend_to_proxy
comprehensive_benchmark_20260122_113141_20260303_092103,weibull_cdf_70_90_daily_spend_to_spend,unknown,False,,,gs://mmm-app-output/benchmarks/comprehensive_benchmark_20260122_113141_20260303_092103/weibull_cdf_70_90_daily_spend_to_spend
comprehensive_benchmark_20260122_113141_20260303_092103,weibull_cdf_70_90_weekly_mixed_by_funnel,unknown,False,,,gs://mmm-app-output/benchmarks/comprehensive_benchmark_20260122_113141_20260303_092103/weibull_cdf_70_90_weekly_mixed_by_funnel
comprehensive_benchmark_20260122_113141_20260303_092103,weibull_cdf_70_90_weekly_spend_to_proxy,unknown,False,,,gs://mmm-app-output/benchmarks/comprehensive_benchmark_20260122_113141_20260303_092103/weibull_cdf_70_90_weekly_spend_to_proxy
comprehensive_benchmark_20260122_113141_20260303_092103,weibull_cdf_70_90_weekly_spend_to_spend,unknown,False,,,gs://mmm-app-output/benchmarks/comprehensive_benchmark_20260122_113141_20260303_092103/weibull_cdf_70_90_weekly_spend_to_spend
comprehensive_benchmark_20260122_113141_20260303_092103,weibull_cdf_75_90_daily_mixed_by_funnel,unknown,False,,,gs://mmm-app-output/benchmarks/comprehensive_benchmark_20260122_113141_20260303_092103/weibull_cdf_75_90_daily_mixed_by_funnel
comprehensive_benchmark_20260122_113141_20260303_092103,weibull_cdf_75_90_daily_spend_to_proxy,unknown,False,,,gs://mmm-app-output/benchmarks/comprehensive_benchmark_20260122_113141_20260303_092103/weibull_cdf_75_90_daily_spend_to_proxy
comprehensive_benchmark_20260122_113141_20260303_092103,weibull_cdf_75_90_daily_spend_to_spend,unknown,False,,,gs://mmm-app-output/benchmarks/comprehensive_benchmark_20260122_113141_20260303_092103/weibull_cdf_75_90_daily_spend_to_spend
comprehensive_benchmark_20260122_113141_20260303_092103,weibull_cdf_75_90_weekly_mixed_by_funnel,unknown,False,,,gs://mmm-app-output/benchmarks/comprehensive_benchmark_20260122_113141_20260303_092103/weibull_cdf_75_90_weekly_mixed_by_funnel
comprehensive_benchmark_20260122_113141_20260303_092103,weibull_cdf_75_90_weekly_spend_to_proxy,unknown,False,,,gs://mmm-app-output/benchmarks/comprehensive_benchmark_20260122_113141_20260303_092103/weibull_cdf_75_90_weekly_spend_to_proxy
comprehensive_benchmark_20260122_113141_20260303_092103,weibull_cdf_75_90_weekly_spend_to_spend,unknown,False,,,gs://mmm-app-output/benchmarks/comprehensive_benchmark_20260122_113141_20260303_092103/weibull_cdf_75_90_weekly_spend_to_spend
comprehensive_benchmark_20260122_113141_20260303_092103,weibull_pdf_65_80_daily_mixed_by_funnel,unknown,False,,,gs://mmm-app-output/benchmarks/comprehensive_benchmark_20260122_113141_20260303_092103/weibull_pdf_65_80_daily_mixed_by_funnel
comprehensive_benchmark_20260122_113141_20260303_092103,weibull_pdf_65_80_daily_spend_to_proxy,unknown,False,,,gs://mmm-app-output/benchmarks/comprehensive_benchmark_20260122_113141_20260303_092103/weibull_pdf_65_80_daily_spend_to_proxy
comprehensive_benchmark_20260122_113141_20260303_092103,weibull_pdf_65_80_daily_spend_to_spend,unknown,False,,,gs://mmm-app-output/benchmarks/comprehensive_benchmark_20260122_113141_20260303_092103/weibull_pdf_65_80_daily_spend_to_spend
comprehensive_benchmark_20260122_113141_20260303_092103,weibull_pdf_65_80_weekly_mixed_by_funnel,unknown,False,,,gs://mmm-app-output/benchmarks/comprehensive_benchmark_20260122_113141_20260303_092103/weibull_pdf_65_80_weekly_mixed_by_funnel
comprehensive_benchmark_20260122_113141_20260303_092103,weibull_pdf_65_80_weekly_spend_to_proxy,unknown,False,,,gs://mmm-app-output/benchmarks/comprehensive_benchmark_20260122_113141_20260303_092103/weibull_pdf_65_80_weekly_spend_to_proxy
comprehensive_benchmark_20260122_113141_20260303_092103,weibull_pdf_65_80_weekly_spend_to_spend,unknown,False,,,gs://mmm-app-output/benchmarks/comprehensive_benchmark_20260122_113141_20260303_092103/weibull_pdf_65_80_weekly_spend_to_spend
comprehensive_benchmark_20260122_113141_20260303_092103,weibull_pdf_70_90_daily_mixed_by_funnel,unknown,False,,,gs://mmm-app-output/benchmarks/comprehensive_benchmark_20260122_113141_20260303_092103/weibull_pdf_70_90_daily_mixed_by_funnel
comprehensive_benchmark_20260122_113141_20260303_092103,weibull_pdf_70_90_daily_spend_to_proxy,unknown,False,,,gs://mmm-app-output/benchmarks/comprehensive_benchmark_20260122_113141_20260303_092103/weibull_pdf_70_90_daily_spend_to_proxy
comprehensive_benchmark_20260122_113141_20260303_092103,weibull_pdf_70_90_daily_spend_to_spend,unknown,False,,,gs://mmm-app-output/benchmarks/comprehensive_benchmark_20260122_113141_20260303_092103/weibull_pdf_70_90_daily_spend_to_spend
comprehensive_benchmark_20260122_113141_20260303_092103,weibull_pdf_70_90_weekly_mixed_by_funnel,unknown,False,,,gs://mmm-app-output/benchmarks/comprehensive_benchmark_20260122_113141_20260303_092103/weibull_pdf_70_90_weekly_mixed_by_funnel
comprehensive_benchmark_20260122_113141_20260303_092103,weibull_pdf_70_90_weekly_spend_to_proxy,unknown,False,,,gs://mmm-app-output/benchmarks/comprehensive_benchmark_20260122_113141_20260303_092103/weibull_pdf_70_90_weekly_spend_to_proxy
comprehensive_benchmark_20260122_113141_20260303_092103,weibull_pdf_70_90_weekly_spend_to_spend,unknown,False,,,gs://mmm-app-output/benchmarks/comprehensive_benchmark_20260122_113141_20260303_092103/weibull_pdf_70_90_weekly_spend_to_spend
comprehensive_benchmark_20260122_113141_20260303_092103,weibull_pdf_75_90_daily_mixed_by_funnel,unknown,False,,,gs://mmm-app-output/benchmarks/comprehensive_benchmark_20260122_113141_20260303_092103/weibull_pdf_75_90_daily_mixed_by_funnel
comprehensive_benchmark_20260122_113141_20260303_092103,weibull_pdf_75_90_daily_spend_to_proxy,unknown,False,,,gs://mmm-app-output/benchmarks/comprehensive_benchmark_20260122_113141_20260303_092103/weibull_pdf_75_90_daily_spend_to_proxy
comprehensive_benchmark_20260122_113141_20260303_092103,weibull_pdf_75_90_daily_spend_to_spend,unknown,False,,,gs://mmm-app-output/benchmarks/comprehensive_benchmark_20260122_113141_20260303_092103/weibull_pdf_75_90_daily_spend_to_spend
comprehensive_benchmark_20260122_113141_20260303_092103,weibull_pdf_75_90_weekly_mixed_by_funnel,unknown,False,,,gs://mmm-app-output/benchmarks/comprehensive_benchmark_20260122_113141_20260303_092103/weibull_pdf_75_90_weekly_mixed_by_funnel
comprehensive_benchmark_20260122_113141_20260303_092103,weibull_pdf_75_90_weekly_spend_to_proxy,unknown,False,,,gs://mmm-app-output/benchmarks/comprehensive_benchmark_20260122_113141_20260303_092103/weibull_pdf_75_90_weekly_spend_to_proxy
comprehensive_benchmark_20260122_113141_20260303_092103,weibull_pdf_75_90_weekly_spend_to_spend,unknown,False,,,gs://mmm-app-output/benchmarks/comprehensive_benchmark_20260122_113141_20260303_092103/weibull_pdf_75_90_weekly_spend_to_spend
comprehensive_benchmark_20260122_113141_20260303_093341,geometric_65_80_daily_mixed_by_funnel,unknown,False,,,gs://mmm-app-output/benchmarks/comprehensive_benchmark_20260122_113141_20260303_093341/geometric_65_80_daily_mixed_by_funnel
comprehensive_benchmark_20260122_113141_20260303_093341,geometric_65_80_daily_spend_to_proxy,unknown,False,,,gs://mmm-app-output/benchmarks/comprehensive_benchmark_20260122_113141_20260303_093341/geometric_65_80_daily_spend_to_proxy
comprehensive_benchmark_20260122_113141_20260303_093341,geometric_65_80_daily_spend_to_spend,unknown,False,,,gs://mmm-app-output/benchmarks/comprehensive_benchmark_20260122_113141_20260303_093341/geometric_65_80_daily_spend_to_spend
comprehensive_benchmark_20260122_113141_20260303_093341,geometric_65_80_weekly_mixed_by_funnel,unknown,False,,,gs://mmm-app-output/benchmarks/comprehensive_benchmark_20260122_113141_20260303_093341/geometric_65_80_weekly_mixed_by_funnel
comprehensive_benchmark_20260122_113141_20260303_093341,geometric_65_80_weekly_spend_to_proxy,unknown,False,,,gs://mmm-app-output/benchmarks/comprehensive_benchmark_20260122_113141_20260303_093341/geometric_65_80_weekly_spend_to_proxy
comprehensive_benchmark_20260122_113141_20260303_093341,geometric_65_80_weekly_spend_to_spend,unknown,False,,,gs://mmm-app-output/benchmarks/comprehensive_benchmark_20260122_113141_20260303_093341/geometric_65_80_weekly_spend_to_spend
comprehensive_benchmark_20260122_113141_20260303_093341,geometric_70_90_daily_mixed_by_funnel,unknown,False,,,gs://mmm-app-output/benchmarks/comprehensive_benchmark_20260122_113141_20260303_093341/geometric_70_90_daily_mixed_by_funnel
comprehensive_benchmark_20260122_113141_20260303_093341,geometric_70_90_daily_spend_to_proxy,unknown,False,,,gs://mmm-app-output/benchmarks/comprehensive_benchmark_20260122_113141_20260303_093341/geometric_70_90_daily_spend_to_proxy
comprehensive_benchmark_20260122_113141_20260303_093341,geometric_70_90_daily_spend_to_spend,unknown,False,,,gs://mmm-app-output/benchmarks/comprehensive_benchmark_20260122_113141_20260303_093341/geometric_70_90_daily_spend_to_spend
comprehensive_benchmark_20260122_113141_20260303_093341,geometric_70_90_weekly_mixed_by_funnel,unknown,False,,,gs://mmm-app-output/benchmarks/comprehensive_benchmark_20260122_113141_20260303_093341/geometric_70_90_weekly_mixed_by_funnel
comprehensive_benchmark_20260122_113141_20260303_093341,geometric_70_90_weekly_spend_to_proxy,unknown,False,,,gs://mmm-app-output/benchmarks/comprehensive_benchmark_20260122_113141_20260303_093341/geometric_70_90_weekly_spend_to_proxy
comprehensive_benchmark_20260122_113141_20260303_093341,geometric_70_90_weekly_spend_to_spend,unknown,False,,,gs://mmm-app-output/benchmarks/comprehensive_benchmark_20260122_113141_20260303_093341/geometric_70_90_weekly_spend_to_spend
comprehensive_benchmark_20260122_113141_20260303_093341,geometric_75_90_daily_mixed_by_funnel,unknown,False,,,gs://mmm-app-output/benchmarks/comprehensive_benchmark_20260122_113141_20260303_093341/geometric_75_90_daily_mixed_by_funnel
comprehensive_benchmark_20260122_113141_20260303_093341,geometric_75_90_daily_spend_to_proxy,unknown,False,,,gs://mmm-app-output/benchmarks/comprehensive_benchmark_20260122_113141_20260303_093341/geometric_75_90_daily_spend_to_proxy
comprehensive_benchmark_20260122_113141_20260303_093341,geometric_75_90_daily_spend_to_spend,unknown,False,,,gs://mmm-app-output/benchmarks/comprehensive_benchmark_20260122_113141_20260303_093341/geometric_75_90_daily_spend_to_spend
comprehensive_benchmark_20260122_113141_20260303_093341,geometric_75_90_weekly_mixed_by_funnel,unknown,False,,,gs://mmm-app-output/benchmarks/comprehensive_benchmark_20260122_113141_20260303_093341/geometric_75_90_weekly_mixed_by_funnel
comprehensive_benchmark_20260122_113141_20260303_093341,geometric_75_90_weekly_spend_to_proxy,unknown,False,,,gs://mmm-app-output/benchmarks/comprehensive_benchmark_20260122_113141_20260303_093341/geometric_75_90_weekly_spend_to_proxy
comprehensive_benchmark_20260122_113141_20260303_093341,geometric_75_90_weekly_spend_to_spend,unknown,False,,,gs://mmm-app-output/benchmarks/comprehensive_benchmark_20260122_113141_20260303_093341/geometric_75_90_weekly_spend_to_spend
comprehensive_benchmark_20260122_113141_20260303_093341,weibull_cdf_65_80_daily_mixed_by_funnel,unknown,False,,,gs://mmm-app-output/benchmarks/comprehensive_benchmark_20260122_113141_20260303_093341/weibull_cdf_65_80_daily_mixed_by_funnel
comprehensive_benchmark_20260122_113141_20260303_093341,weibull_cdf_65_80_daily_spend_to_proxy,unknown,False,,,gs://mmm-app-output/benchmarks/comprehensive_benchmark_20260122_113141_20260303_093341/weibull_cdf_65_80_daily_spend_to_proxy
comprehensive_benchmark_20260122_113141_20260303_093341,weibull_cdf_65_80_daily_spend_to_spend,unknown,False,,,gs://mmm-app-output/benchmarks/comprehensive_benchmark_20260122_113141_20260303_093341/weibull_cdf_65_80_daily_spend_to_spend
comprehensive_benchmark_20260122_113141_20260303_093341,weibull_cdf_65_80_weekly_mixed_by_funnel,unknown,False,,,gs://mmm-app-output/benchmarks/comprehensive_benchmark_20260122_113141_20260303_093341/weibull_cdf_65_80_weekly_mixed_by_funnel
comprehensive_benchmark_20260122_113141_20260303_093341,weibull_cdf_65_80_weekly_spend_to_proxy,unknown,False,,,gs://mmm-app-output/benchmarks/comprehensive_benchmark_20260122_113141_20260303_093341/weibull_cdf_65_80_weekly_spend_to_proxy
comprehensive_benchmark_20260122_113141_20260303_093341,weibull_cdf_65_80_weekly_spend_to_spend,unknown,False,,,gs://mmm-app-output/benchmarks/comprehensive_benchmark_20260122_113141_20260303_093341/weibull_cdf_65_80_weekly_spend_to_spend
comprehensive_benchmark_20260122_113141_20260303_093341,weibull_cdf_70_90_daily_mixed_by_funnel,unknown,False,,,gs://mmm-app-output/benchmarks/comprehensive_benchmark_20260122_113141_20260303_093341/weibull_cdf_70_90_daily_mixed_by_funnel
comprehensive_benchmark_20260122_113141_20260303_093341,weibull_cdf_70_90_daily_spend_to_proxy,unknown,False,,,gs://mmm-app-output/benchmarks/comprehensive_benchmark_20260122_113141_20260303_093341/weibull_cdf_70_90_daily_spend_to_proxy
comprehensive_benchmark_20260122_113141_20260303_093341,weibull_cdf_70_90_daily_spend_to_spend,unknown,False,,,gs://mmm-app-output/benchmarks/comprehensive_benchmark_20260122_113141_20260303_093341/weibull_cdf_70_90_daily_spend_to_spend
comprehensive_benchmark_20260122_113141_20260303_093341,weibull_cdf_70_90_weekly_mixed_by_funnel,unknown,False,,,gs://mmm-app-output/benchmarks/comprehensive_benchmark_20260122_113141_20260303_093341/weibull_cdf_70_90_weekly_mixed_by_funnel
comprehensive_benchmark_20260122_113141_20260303_093341,weibull_cdf_70_90_weekly_spend_to_proxy,unknown,False,,,gs://mmm-app-output/benchmarks/comprehensive_benchmark_20260122_113141_20260303_093341/weibull_cdf_70_90_weekly_spend_to_proxy
comprehensive_benchmark_20260122_113141_20260303_093341,weibull_cdf_70_90_weekly_spend_to_spend,unknown,False,,,gs://mmm-app-output/benchmarks/comprehensive_benchmark_20260122_113141_20260303_093341/weibull_cdf_70_90_weekly_spend_to_spend
comprehensive_benchmark_20260122_113141_20260303_093341,weibull_cdf_75_90_daily_mixed_by_funnel,unknown,False,,,gs://mmm-app-output/benchmarks/comprehensive_benchmark_20260122_113141_20260303_093341/weibull_cdf_75_90_daily_mixed_by_funnel
comprehensive_benchmark_20260122_113141_20260303_093341,weibull_cdf_75_90_daily_spend_to_proxy,unknown,False,,,gs://mmm-app-output/benchmarks/comprehensive_benchmark_20260122_113141_20260303_093341/weibull_cdf_75_90_daily_spend_to_proxy
comprehensive_benchmark_20260122_113141_20260303_093341,weibull_cdf_75_90_daily_spend_to_spend,unknown,False,,,gs://mmm-app-output/benchmarks/comprehensive_benchmark_20260122_113141_20260303_093341/weibull_cdf_75_90_daily_spend_to_spend
comprehensive_benchmark_20260122_113141_20260303_093341,weibull_cdf_75_90_weekly_mixed_by_funnel,unknown,False,,,gs://mmm-app-output/benchmarks/comprehensive_benchmark_20260122_113141_20260303_093341/weibull_cdf_75_90_weekly_mixed_by_funnel
comprehensive_benchmark_20260122_113141_20260303_093341,weibull_cdf_75_90_weekly_spend_to_proxy,unknown,False,,,gs://mmm-app-output/benchmarks/comprehensive_benchmark_20260122_113141_20260303_093341/weibull_cdf_75_90_weekly_spend_to_proxy
comprehensive_benchmark_20260122_113141_20260303_093341,weibull_cdf_75_90_weekly_spend_to_spend,unknown,False,,,gs://mmm-app-output/benchmarks/comprehensive_benchmark_20260122_113141_20260303_093341/weibull_cdf_75_90_weekly_spend_to_spend
comprehensive_benchmark_20260122_113141_20260303_093341,weibull_pdf_65_80_daily_mixed_by_funnel,unknown,False,,,gs://mmm-app-output/benchmarks/comprehensive_benchmark_20260122_113141_20260303_093341/weibull_pdf_65_80_daily_mixed_by_funnel
comprehensive_benchmark_20260122_113141_20260303_093341,weibull_pdf_65_80_daily_spend_to_proxy,unknown,False,,,gs://mmm-app-output/benchmarks/comprehensive_benchmark_20260122_113141_20260303_093341/weibull_pdf_65_80_daily_spend_to_proxy
comprehensive_benchmark_20260122_113141_20260303_093341,weibull_pdf_65_80_daily_spend_to_spend,unknown,False,,,gs://mmm-app-output/benchmarks/comprehensive_benchmark_20260122_113141_20260303_093341/weibull_pdf_65_80_daily_spend_to_spend
comprehensive_benchmark_20260122_113141_20260303_093341,weibull_pdf_65_80_weekly_mixed_by_funnel,unknown,False,,,gs://mmm-app-output/benchmarks/comprehensive_benchmark_20260122_113141_20260303_093341/weibull_pdf_65_80_weekly_mixed_by_funnel
comprehensive_benchmark_20260122_113141_20260303_093341,weibull_pdf_65_80_weekly_spend_to_proxy,unknown,False,,,gs://mmm-app-output/benchmarks/comprehensive_benchmark_20260122_113141_20260303_093341/weibull_pdf_65_80_weekly_spend_to_proxy
comprehensive_benchmark_20260122_113141_20260303_093341,weibull_pdf_65_80_weekly_spend_to_spend,unknown,False,,,gs://mmm-app-output/benchmarks/comprehensive_benchmark_20260122_113141_20260303_093341/weibull_pdf_65_80_weekly_spend_to_spend
comprehensive_benchmark_20260122_113141_20260303_093341,weibull_pdf_70_90_daily_mixed_by_funnel,unknown,False,,,gs://mmm-app-output/benchmarks/comprehensive_benchmark_20260122_113141_20260303_093341/weibull_pdf_70_90_daily_mixed_by_funnel
comprehensive_benchmark_20260122_113141_20260303_093341,weibull_pdf_70_90_daily_spend_to_proxy,unknown,False,,,gs://mmm-app-output/benchmarks/comprehensive_benchmark_20260122_113141_20260303_093341/weibull_pdf_70_90_daily_spend_to_proxy
comprehensive_benchmark_20260122_113141_20260303_093341,weibull_pdf_70_90_daily_spend_to_spend,unknown,False,,,gs://mmm-app-output/benchmarks/comprehensive_benchmark_20260122_113141_20260303_093341/weibull_pdf_70_90_daily_spend_to_spend
comprehensive_benchmark_20260122_113141_20260303_093341,weibull_pdf_70_90_weekly_mixed_by_funnel,unknown,False,,,gs://mmm-app-output/benchmarks/comprehensive_benchmark_20260122_113141_20260303_093341/weibull_pdf_70_90_weekly_mixed_by_funnel
comprehensive_benchmark_20260122_113141_20260303_093341,weibull_pdf_70_90_weekly_spend_to_proxy,unknown,False,,,gs://mmm-app-output/benchmarks/comprehensive_benchmark_20260122_113141_20260303_093341/weibull_pdf_70_90_weekly_spend_to_proxy
comprehensive_benchmark_20260122_113141_20260303_093341,weibull_pdf_70_90_weekly_spend_to_spend,unknown,False,,,gs://mmm-app-output/benchmarks/comprehensive_benchmark_20260122_113141_20260303_093341/weibull_pdf_70_90_weekly_spend_to_spend
comprehensive_benchmark_20260122_113141_20260303_093341,weibull_pdf_75_90_daily_mixed_by_funnel,unknown,False,,,gs://mmm-app-output/benchmarks/comprehensive_benchmark_20260122_113141_20260303_093341/weibull_pdf_75_90_daily_mixed_by_funnel
comprehensive_benchmark_20260122_113141_20260303_093341,weibull_pdf_75_90_daily_spend_to_proxy,unknown,False,,,gs://mmm-app-output/benchmarks/comprehensive_benchmark_20260122_113141_20260303_093341/weibull_pdf_75_90_daily_spend_to_proxy
comprehensive_benchmark_20260122_113141_20260303_093341,weibull_pdf_75_90_daily_spend_to_spend,unknown,False,,,gs://mmm-app-output/benchmarks/comprehensive_benchmark_20260122_113141_20260303_093341/weibull_pdf_75_90_daily_spend_to_spend
comprehensive_benchmark_20260122_113141_20260303_093341,weibull_pdf_75_90_weekly_mixed_by_funnel,unknown,False,,,gs://mmm-app-output/benchmarks/comprehensive_benchmark_20260122_113141_20260303_093341/weibull_pdf_75_90_weekly_mixed_by_funnel
comprehensive_benchmark_20260122_113141_20260303_093341,weibull_pdf_75_90_weekly_spend_to_proxy,unknown,False,,,gs://mmm-app-output/benchmarks/comprehensive_benchmark_20260122_113141_20260303_093341/weibull_pdf_75_90_weekly_spend_to_proxy
comprehensive_benchmark_20260122_113141_20260303_093341,weibull_pdf_75_90_weekly_spend_to_spend,unknown,False,,,gs://mmm-app-output/benchmarks/comprehensive_benchmark_20260122_113141_20260303_093341/weibull_pdf_75_90_weekly_spend_to_spend
comprehensive_benchmark_20260122_113141_20260303_100051,geometric_65_80_daily_mixed_by_funnel,unknown,False,,,gs://mmm-app-output/benchmarks/comprehensive_benchmark_20260122_113141_20260303_100051/geometric_65_80_daily_mixed_by_funnel
comprehensive_benchmark_20260122_113141_20260303_100051,geometric_65_80_daily_spend_to_proxy,unknown,False,,,gs://mmm-app-output/benchmarks/comprehensive_benchmark_20260122_113141_20260303_100051/geometric_65_80_daily_spend_to_proxy
comprehensive_benchmark_20260122_113141_20260303_100051,geometric_65_80_daily_spend_to_spend,unknown,False,,,gs://mmm-app-output/benchmarks/comprehensive_benchmark_20260122_113141_20260303_100051/geometric_65_80_daily_spend_to_spend
comprehensive_benchmark_20260122_113141_20260303_100051,geometric_65_80_weekly_mixed_by_funnel,unknown,False,,,gs://mmm-app-output/benchmarks/comprehensive_benchmark_20260122_113141_20260303_100051/geometric_65_80_weekly_mixed_by_funnel
comprehensive_benchmark_20260122_113141_20260303_100051,geometric_65_80_weekly_spend_to_proxy,unknown,False,,,gs://mmm-app-output/benchmarks/comprehensive_benchmark_20260122_113141_20260303_100051/geometric_65_80_weekly_spend_to_proxy
comprehensive_benchmark_20260122_113141_20260303_100051,geometric_65_80_weekly_spend_to_spend,unknown,False,,,gs://mmm-app-output/benchmarks/comprehensive_benchmark_20260122_113141_20260303_100051/geometric_65_80_weekly_spend_to_spend
comprehensive_benchmark_20260122_113141_20260303_100051,geometric_70_90_daily_mixed_by_funnel,unknown,False,,,gs://mmm-app-output/benchmarks/comprehensive_benchmark_20260122_113141_20260303_100051/geometric_70_90_daily_mixed_by_funnel
comprehensive_benchmark_20260122_113141_20260303_100051,geometric_70_90_daily_spend_to_proxy,unknown,False,,,gs://mmm-app-output/benchmarks/comprehensive_benchmark_20260122_113141_20260303_100051/geometric_70_90_daily_spend_to_proxy
comprehensive_benchmark_20260122_113141_20260303_100051,geometric_70_90_daily_spend_to_spend,unknown,False,,,gs://mmm-app-output/benchmarks/comprehensive_benchmark_20260122_113141_20260303_100051/geometric_70_90_daily_spend_to_spend
comprehensive_benchmark_20260122_113141_20260303_100051,geometric_70_90_weekly_mixed_by_funnel,unknown,False,,,gs://mmm-app-output/benchmarks/comprehensive_benchmark_20260122_113141_20260303_100051/geometric_70_90_weekly_mixed_by_funnel
comprehensive_benchmark_20260122_113141_20260303_100051,geometric_70_90_weekly_spend_to_proxy,unknown,False,,,gs://mmm-app-output/benchmarks/comprehensive_benchmark_20260122_113141_20260303_100051/geometric_70_90_weekly_spend_to_proxy
comprehensive_benchmark_20260122_113141_20260303_100051,geometric_70_90_weekly_spend_to_spend,unknown,False,,,gs://mmm-app-output/benchmarks/comprehensive_benchmark_20260122_113141_20260303_100051/geometric_70_90_weekly_spend_to_spend
comprehensive_benchmark_20260122_113141_20260303_100051,geometric_75_90_daily_mixed_by_funnel,unknown,False,,,gs://mmm-app-output/benchmarks/comprehensive_benchmark_20260122_113141_20260303_100051/geometric_75_90_daily_mixed_by_funnel
comprehensive_benchmark_20260122_113141_20260303_100051,geometric_75_90_daily_spend_to_proxy,unknown,False,,,gs://mmm-app-output/benchmarks/comprehensive_benchmark_20260122_113141_20260303_100051/geometric_75_90_daily_spend_to_proxy
comprehensive_benchmark_20260122_113141_20260303_100051,geometric_75_90_daily_spend_to_spend,unknown,False,,,gs://mmm-app-output/benchmarks/comprehensive_benchmark_20260122_113141_20260303_100051/geometric_75_90_daily_spend_to_spend
comprehensive_benchmark_20260122_113141_20260303_100051,geometric_75_90_weekly_mixed_by_funnel,unknown,False,,,gs://mmm-app-output/benchmarks/comprehensive_benchmark_20260122_113141_20260303_100051/geometric_75_90_weekly_mixed_by_funnel
comprehensive_benchmark_20260122_113141_20260303_100051,geometric_75_90_weekly_spend_to_proxy,unknown,False,,,gs://mmm-app-output/benchmarks/comprehensive_benchmark_20260122_113141_20260303_100051/geometric_75_90_weekly_spend_to_proxy
comprehensive_benchmark_20260122_113141_20260303_100051,geometric_75_90_weekly_spend_to_spend,unknown,False,,,gs://mmm-app-output/benchmarks/comprehensive_benchmark_20260122_113141_20260303_100051/geometric_75_90_weekly_spend_to_spend
comprehensive_benchmark_20260122_113141_20260303_100051,weibull_cdf_65_80_daily_mixed_by_funnel,unknown,False,,,gs://mmm-app-output/benchmarks/comprehensive_benchmark_20260122_113141_20260303_100051/weibull_cdf_65_80_daily_mixed_by_funnel
comprehensive_benchmark_20260122_113141_20260303_100051,weibull_cdf_65_80_daily_spend_to_proxy,unknown,False,,,gs://mmm-app-output/benchmarks/comprehensive_benchmark_20260122_113141_20260303_100051/weibull_cdf_65_80_daily_spend_to_proxy
comprehensive_benchmark_20260122_113141_20260303_100051,weibull_cdf_65_80_daily_spend_to_spend,unknown,False,,,gs://mmm-app-output/benchmarks/comprehensive_benchmark_20260122_113141_20260303_100051/weibull_cdf_65_80_daily_spend_to_spend
comprehensive_benchmark_20260122_113141_20260303_100051,weibull_cdf_65_80_weekly_mixed_by_funnel,unknown,False,,,gs://mmm-app-output/benchmarks/comprehensive_benchmark_20260122_113141_20260303_100051/weibull_cdf_65_80_weekly_mixed_by_funnel
comprehensive_benchmark_20260122_113141_20260303_100051,weibull_cdf_65_80_weekly_spend_to_proxy,unknown,False,,,gs://mmm-app-output/benchmarks/comprehensive_benchmark_20260122_113141_20260303_100051/weibull_cdf_65_80_weekly_spend_to_proxy
comprehensive_benchmark_20260122_113141_20260303_100051,weibull_cdf_65_80_weekly_spend_to_spend,unknown,False,,,gs://mmm-app-output/benchmarks/comprehensive_benchmark_20260122_113141_20260303_100051/weibull_cdf_65_80_weekly_spend_to_spend
comprehensive_benchmark_20260122_113141_20260303_100051,weibull_cdf_70_90_daily_mixed_by_funnel,unknown,False,,,gs://mmm-app-output/benchmarks/comprehensive_benchmark_20260122_113141_20260303_100051/weibull_cdf_70_90_daily_mixed_by_funnel
comprehensive_benchmark_20260122_113141_20260303_100051,weibull_cdf_70_90_daily_spend_to_proxy,unknown,False,,,gs://mmm-app-output/benchmarks/comprehensive_benchmark_20260122_113141_20260303_100051/weibull_cdf_70_90_daily_spend_to_proxy
comprehensive_benchmark_20260122_113141_20260303_100051,weibull_cdf_70_90_daily_spend_to_spend,unknown,False,,,gs://mmm-app-output/benchmarks/comprehensive_benchmark_20260122_113141_20260303_100051/weibull_cdf_70_90_daily_spend_to_spend
comprehensive_benchmark_20260122_113141_20260303_100051,weibull_cdf_70_90_weekly_mixed_by_funnel,unknown,False,,,gs://mmm-app-output/benchmarks/comprehensive_benchmark_20260122_113141_20260303_100051/weibull_cdf_70_90_weekly_mixed_by_funnel
comprehensive_benchmark_20260122_113141_20260303_100051,weibull_cdf_70_90_weekly_spend_to_proxy,unknown,False,,,gs://mmm-app-output/benchmarks/comprehensive_benchmark_20260122_113141_20260303_100051/weibull_cdf_70_90_weekly_spend_to_proxy
comprehensive_benchmark_20260122_113141_20260303_100051,weibull_cdf_70_90_weekly_spend_to_spend,unknown,False,,,gs://mmm-app-output/benchmarks/comprehensive_benchmark_20260122_113141_20260303_100051/weibull_cdf_70_90_weekly_spend_to_spend
comprehensive_benchmark_20260122_113141_20260303_100051,weibull_cdf_75_90_daily_mixed_by_funnel,unknown,False,,,gs://mmm-app-output/benchmarks/comprehensive_benchmark_20260122_113141_20260303_100051/weibull_cdf_75_90_daily_mixed_by_funnel
comprehensive_benchmark_20260122_113141_20260303_100051,weibull_cdf_75_90_daily_spend_to_proxy,unknown,False,,,gs://mmm-app-output/benchmarks/comprehensive_benchmark_20260122_113141_20260303_100051/weibull_cdf_75_90_daily_spend_to_proxy
comprehensive_benchmark_20260122_113141_20260303_100051,weibull_cdf_75_90_daily_spend_to_spend,unknown,False,,,gs://mmm-app-output/benchmarks/comprehensive_benchmark_20260122_113141_20260303_100051/weibull_cdf_75_90_daily_spend_to_spend
comprehensive_benchmark_20260122_113141_20260303_100051,weibull_cdf_75_90_weekly_mixed_by_funnel,unknown,False,,,gs://mmm-app-output/benchmarks/comprehensive_benchmark_20260122_113141_20260303_100051/weibull_cdf_75_90_weekly_mixed_by_funnel
comprehensive_benchmark_20260122_113141_20260303_100051,weibull_cdf_75_90_weekly_spend_to_proxy,unknown,False,,,gs://mmm-app-output/benchmarks/comprehensive_benchmark_20260122_113141_20260303_100051/weibull_cdf_75_90_weekly_spend_to_proxy
comprehensive_benchmark_20260122_113141_20260303_100051,weibull_cdf_75_90_weekly_spend_to_spend,unknown,False,,,gs://mmm-app-output/benchmarks/comprehensive_benchmark_20260122_113141_20260303_100051/weibull_cdf_75_90_weekly_spend_to_spend
comprehensive_benchmark_20260122_113141_20260303_100051,weibull_pdf_65_80_daily_mixed_by_funnel,unknown,False,,,gs://mmm-app-output/benchmarks/comprehensive_benchmark_20260122_113141_20260303_100051/weibull_pdf_65_80_daily_mixed_by_funnel
comprehensive_benchmark_20260122_113141_20260303_100051,weibull_pdf_65_80_daily_spend_to_proxy,unknown,False,,,gs://mmm-app-output/benchmarks/comprehensive_benchmark_20260122_113141_20260303_100051/weibull_pdf_65_80_daily_spend_to_proxy
comprehensive_benchmark_20260122_113141_20260303_100051,weibull_pdf_65_80_daily_spend_to_spend,unknown,False,,,gs://mmm-app-output/benchmarks/comprehensive_benchmark_20260122_113141_20260303_100051/weibull_pdf_65_80_daily_spend_to_spend
comprehensive_benchmark_20260122_113141_20260303_100051,weibull_pdf_65_80_weekly_mixed_by_funnel,unknown,False,,,gs://mmm-app-output/benchmarks/comprehensive_benchmark_20260122_113141_20260303_100051/weibull_pdf_65_80_weekly_mixed_by_funnel
comprehensive_benchmark_20260122_113141_20260303_100051,weibull_pdf_65_80_weekly_spend_to_proxy,unknown,False,,,gs://mmm-app-output/benchmarks/comprehensive_benchmark_20260122_113141_20260303_100051/weibull_pdf_65_80_weekly_spend_to_proxy
comprehensive_benchmark_20260122_113141_20260303_100051,weibull_pdf_65_80_weekly_spend_to_spend,unknown,False,,,gs://mmm-app-output/benchmarks/comprehensive_benchmark_20260122_113141_20260303_100051/weibull_pdf_65_80_weekly_spend_to_spend
comprehensive_benchmark_20260122_113141_20260303_100051,weibull_pdf_70_90_daily_mixed_by_funnel,unknown,False,,,gs://mmm-app-output/benchmarks/comprehensive_benchmark_20260122_113141_20260303_100051/weibull_pdf_70_90_daily_mixed_by_funnel
comprehensive_benchmark_20260122_113141_20260303_100051,weibull_pdf_70_90_daily_spend_to_proxy,unknown,False,,,gs://mmm-app-output/benchmarks/comprehensive_benchmark_20260122_113141_20260303_100051/weibull_pdf_70_90_daily_spend_to_proxy
comprehensive_benchmark_20260122_113141_20260303_100051,weibull_pdf_70_90_daily_spend_to_spend,unknown,False,,,gs://mmm-app-output/benchmarks/comprehensive_benchmark_20260122_113141_20260303_100051/weibull_pdf_70_90_daily_spend_to_spend
comprehensive_benchmark_20260122_113141_20260303_100051,weibull_pdf_70_90_weekly_mixed_by_funnel,unknown,False,,,gs://mmm-app-output/benchmarks/comprehensive_benchmark_20260122_113141_20260303_100051/weibull_pdf_70_90_weekly_mixed_by_funnel
comprehensive_benchmark_20260122_113141_20260303_100051,weibull_pdf_70_90_weekly_spend_to_proxy,unknown,False,,,gs://mmm-app-output/benchmarks/comprehensive_benchmark_20260122_113141_20260303_100051/weibull_pdf_70_90_weekly_spend_to_proxy
comprehensive_benchmark_20260122_113141_20260303_100051,weibull_pdf_70_90_weekly_spend_to_spend,unknown,False,,,gs://mmm-app-output/benchmarks/comprehensive_benchmark_20260122_113141_20260303_100051/weibull_pdf_70_90_weekly_spend_to_spend
comprehensive_benchmark_20260122_113141_20260303_100051,weibull_pdf_75_90_daily_mixed_by_funnel,unknown,False,,,gs://mmm-app-output/benchmarks/comprehensive_benchmark_20260122_113141_20260303_100051/weibull_pdf_75_90_daily_mixed_by_funnel
comprehensive_benchmark_20260122_113141_20260303_100051,weibull_pdf_75_90_daily_spend_to_proxy,unknown,False,,,gs://mmm-app-output/benchmarks/comprehensive_benchmark_20260122_113141_20260303_100051/weibull_pdf_75_90_daily_spend_to_proxy
comprehensive_benchmark_20260122_113141_20260303_100051,weibull_pdf_75_90_daily_spend_to_spend,unknown,False,,,gs://mmm-app-output/benchmarks/comprehensive_benchmark_20260122_113141_20260303_100051/weibull_pdf_75_90_daily_spend_to_spend
comprehensive_benchmark_20260122_113141_20260303_100051,weibull_pdf_75_90_weekly_mixed_by_funnel,unknown,False,,,gs://mmm-app-output/benchmarks/comprehensive_benchmark_20260122_113141_20260303_100051/weibull_pdf_75_90_weekly_mixed_by_funnel
comprehensive_benchmark_20260122_113141_20260303_100051,weibull_pdf_75_90_weekly_spend_to_proxy,unknown,False,,,gs://mmm-app-output/benchmarks/comprehensive_benchmark_20260122_113141_20260303_100051/weibull_pdf_75_90_weekly_spend_to_proxy
comprehensive_benchmark_20260122_113141_20260303_100051,weibull_pdf_75_90_weekly_spend_to_spend,unknown,False,,,gs://mmm-app-output/benchmarks/comprehensive_benchmark_20260122_113141_20260303_100051/weibull_pdf_75_90_weekly_spend_to_spend
comprehensive_benchmark_20260122_113141_20260303_100131,geometric_65_80_daily_mixed_by_funnel,unknown,False,,,gs://mmm-app-output/benchmarks/comprehensive_benchmark_20260122_113141_20260303_100131/geometric_65_80_daily_mixed_by_funnel
comprehensive_benchmark_20260122_113141_20260303_100131,geometric_65_80_daily_spend_to_proxy,unknown,False,,,gs://mmm-app-output/benchmarks/comprehensive_benchmark_20260122_113141_20260303_100131/geometric_65_80_daily_spend_to_proxy
comprehensive_benchmark_20260122_113141_20260303_100131,geometric_65_80_daily_spend_to_spend,unknown,False,,,gs://mmm-app-output/benchmarks/comprehensive_benchmark_20260122_113141_20260303_100131/geometric_65_80_daily_spend_to_spend
comprehensive_benchmark_20260122_113141_20260303_100131,geometric_65_80_weekly_mixed_by_funnel,unknown,False,,,gs://mmm-app-output/benchmarks/comprehensive_benchmark_20260122_113141_20260303_100131/geometric_65_80_weekly_mixed_by_funnel
comprehensive_benchmark_20260122_113141_20260303_100131,geometric_65_80_weekly_spend_to_proxy,unknown,False,,,gs://mmm-app-output/benchmarks/comprehensive_benchmark_20260122_113141_20260303_100131/geometric_65_80_weekly_spend_to_proxy
comprehensive_benchmark_20260122_113141_20260303_100131,geometric_65_80_weekly_spend_to_spend,unknown,False,,,gs://mmm-app-output/benchmarks/comprehensive_benchmark_20260122_113141_20260303_100131/geometric_65_80_weekly_spend_to_spend
comprehensive_benchmark_20260122_113141_20260303_100131,geometric_70_90_daily_mixed_by_funnel,unknown,False,,,gs://mmm-app-output/benchmarks/comprehensive_benchmark_20260122_113141_20260303_100131/geometric_70_90_daily_mixed_by_funnel
comprehensive_benchmark_20260122_113141_20260303_100131,geometric_70_90_daily_spend_to_proxy,unknown,False,,,gs://mmm-app-output/benchmarks/comprehensive_benchmark_20260122_113141_20260303_100131/geometric_70_90_daily_spend_to_proxy
comprehensive_benchmark_20260122_113141_20260303_100131,geometric_70_90_weekly_mixed_by_funnel,unknown,False,,,gs://mmm-app-output/benchmarks/comprehensive_benchmark_20260122_113141_20260303_100131/geometric_70_90_weekly_mixed_by_funnel
comprehensive_benchmark_20260122_113141_20260303_100131,geometric_70_90_weekly_spend_to_proxy,unknown,False,,,gs://mmm-app-output/benchmarks/comprehensive_benchmark_20260122_113141_20260303_100131/geometric_70_90_weekly_spend_to_proxy
comprehensive_benchmark_20260122_113141_20260303_100131,geometric_70_90_weekly_spend_to_spend,unknown,False,,,gs://mmm-app-output/benchmarks/comprehensive_benchmark_20260122_113141_20260303_100131/geometric_70_90_weekly_spend_to_spend
comprehensive_benchmark_20260122_113141_20260303_100131,geometric_75_90_daily_mixed_by_funnel,unknown,False,,,gs://mmm-app-output/benchmarks/comprehensive_benchmark_20260122_113141_20260303_100131/geometric_75_90_daily_mixed_by_funnel
comprehensive_benchmark_20260122_113141_20260303_100131,geometric_75_90_daily_spend_to_proxy,unknown,False,,,gs://mmm-app-output/benchmarks/comprehensive_benchmark_20260122_113141_20260303_100131/geometric_75_90_daily_spend_to_proxy
comprehensive_benchmark_20260122_113141_20260303_100131,geometric_75_90_daily_spend_to_spend,unknown,False,,,gs://mmm-app-output/benchmarks/comprehensive_benchmark_20260122_113141_20260303_100131/geometric_75_90_daily_spend_to_spend
comprehensive_benchmark_20260122_113141_20260303_100131,geometric_75_90_weekly_mixed_by_funnel,unknown,False,,,gs://mmm-app-output/benchmarks/comprehensive_benchmark_20260122_113141_20260303_100131/geometric_75_90_weekly_mixed_by_funnel
comprehensive_benchmark_20260122_113141_20260303_100131,geometric_75_90_weekly_spend_to_proxy,unknown,False,,,gs://mmm-app-output/benchmarks/comprehensive_benchmark_20260122_113141_20260303_100131/geometric_75_90_weekly_spend_to_proxy
comprehensive_benchmark_20260122_113141_20260303_100131,geometric_75_90_weekly_spend_to_spend,unknown,False,,,gs://mmm-app-output/benchmarks/comprehensive_benchmark_20260122_113141_20260303_100131/geometric_75_90_weekly_spend_to_spend
comprehensive_benchmark_20260122_113141_20260303_100131,weibull_cdf_65_80_daily_mixed_by_funnel,unknown,False,,,gs://mmm-app-output/benchmarks/comprehensive_benchmark_20260122_113141_20260303_100131/weibull_cdf_65_80_daily_mixed_by_funnel
comprehensive_benchmark_20260122_113141_20260303_100131,weibull_cdf_65_80_daily_spend_to_proxy,unknown,False,,,gs://mmm-app-output/benchmarks/comprehensive_benchmark_20260122_113141_20260303_100131/weibull_cdf_65_80_daily_spend_to_proxy
comprehensive_benchmark_20260122_113141_20260303_100131,weibull_cdf_65_80_daily_spend_to_spend,unknown,False,,,gs://mmm-app-output/benchmarks/comprehensive_benchmark_20260122_113141_20260303_100131/weibull_cdf_65_80_daily_spend_to_spend
comprehensive_benchmark_20260122_113141_20260303_100131,weibull_cdf_65_80_weekly_spend_to_proxy,unknown,False,,,gs://mmm-app-output/benchmarks/comprehensive_benchmark_20260122_113141_20260303_100131/weibull_cdf_65_80_weekly_spend_to_proxy
comprehensive_benchmark_20260122_113141_20260303_100131,weibull_cdf_65_80_weekly_spend_to_spend,unknown,False,,,gs://mmm-app-output/benchmarks/comprehensive_benchmark_20260122_113141_20260303_100131/weibull_cdf_65_80_weekly_spend_to_spend
comprehensive_benchmark_20260122_113141_20260303_100131,weibull_cdf_70_90_daily_mixed_by_funnel,unknown,False,,,gs://mmm-app-output/benchmarks/comprehensive_benchmark_20260122_113141_20260303_100131/weibull_cdf_70_90_daily_mixed_by_funnel
comprehensive_benchmark_20260122_113141_20260303_100131,weibull_cdf_70_90_daily_spend_to_proxy,unknown,False,,,gs://mmm-app-output/benchmarks/comprehensive_benchmark_20260122_113141_20260303_100131/weibull_cdf_70_90_daily_spend_to_proxy
comprehensive_benchmark_20260122_113141_20260303_100131,weibull_cdf_70_90_weekly_mixed_by_funnel,unknown,False,,,gs://mmm-app-output/benchmarks/comprehensive_benchmark_20260122_113141_20260303_100131/weibull_cdf_70_90_weekly_mixed_by_funnel
comprehensive_benchmark_20260122_113141_20260303_100131,weibull_cdf_70_90_weekly_spend_to_proxy,unknown,False,,,gs://mmm-app-output/benchmarks/comprehensive_benchmark_20260122_113141_20260303_100131/weibull_cdf_70_90_weekly_spend_to_proxy
comprehensive_benchmark_20260122_113141_20260303_100131,weibull_cdf_70_90_weekly_spend_to_spend,unknown,False,,,gs://mmm-app-output/benchmarks/comprehensive_benchmark_20260122_113141_20260303_100131/weibull_cdf_70_90_weekly_spend_to_spend
comprehensive_benchmark_20260122_113141_20260303_100131,weibull_cdf_75_90_daily_spend_to_proxy,unknown,False,,,gs://mmm-app-output/benchmarks/comprehensive_benchmark_20260122_113141_20260303_100131/weibull_cdf_75_90_daily_spend_to_proxy
comprehensive_benchmark_20260122_113141_20260303_100131,weibull_cdf_75_90_daily_spend_to_spend,unknown,False,,,gs://mmm-app-output/benchmarks/comprehensive_benchmark_20260122_113141_20260303_100131/weibull_cdf_75_90_daily_spend_to_spend
comprehensive_benchmark_20260122_113141_20260303_100131,weibull_cdf_75_90_weekly_mixed_by_funnel,unknown,False,,,gs://mmm-app-output/benchmarks/comprehensive_benchmark_20260122_113141_20260303_100131/weibull_cdf_75_90_weekly_mixed_by_funnel
comprehensive_benchmark_20260122_113141_20260303_100131,weibull_cdf_75_90_weekly_spend_to_proxy,unknown,False,,,gs://mmm-app-output/benchmarks/comprehensive_benchmark_20260122_113141_20260303_100131/weibull_cdf_75_90_weekly_spend_to_proxy
comprehensive_benchmark_20260122_113141_20260303_100131,weibull_cdf_75_90_weekly_spend_to_spend,unknown,False,,,gs://mmm-app-output/benchmarks/comprehensive_benchmark_20260122_113141_20260303_100131/weibull_cdf_75_90_weekly_spend_to_spend
comprehensive_benchmark_20260122_113141_20260303_100131,weibull_pdf_65_80_daily_mixed_by_funnel,unknown,False,,,gs://mmm-app-output/benchmarks/comprehensive_benchmark_20260122_113141_20260303_100131/weibull_pdf_65_80_daily_mixed_by_funnel
comprehensive_benchmark_20260122_113141_20260303_100131,weibull_pdf_65_80_daily_spend_to_proxy,unknown,False,,,gs://mmm-app-output/benchmarks/comprehensive_benchmark_20260122_113141_20260303_100131/weibull_pdf_65_80_daily_spend_to_proxy
comprehensive_benchmark_20260122_113141_20260303_100131,weibull_pdf_65_80_daily_spend_to_spend,unknown,False,,,gs://mmm-app-output/benchmarks/comprehensive_benchmark_20260122_113141_20260303_100131/weibull_pdf_65_80_daily_spend_to_spend
comprehensive_benchmark_20260122_113141_20260303_100131,weibull_pdf_65_80_weekly_mixed_by_funnel,unknown,False,,,gs://mmm-app-output/benchmarks/comprehensive_benchmark_20260122_113141_20260303_100131/weibull_pdf_65_80_weekly_mixed_by_funnel
comprehensive_benchmark_20260122_113141_20260303_100131,weibull_pdf_65_80_weekly_spend_to_proxy,unknown,False,,,gs://mmm-app-output/benchmarks/comprehensive_benchmark_20260122_113141_20260303_100131/weibull_pdf_65_80_weekly_spend_to_proxy
comprehensive_benchmark_20260122_113141_20260303_100131,weibull_pdf_65_80_weekly_spend_to_spend,unknown,False,,,gs://mmm-app-output/benchmarks/comprehensive_benchmark_20260122_113141_20260303_100131/weibull_pdf_65_80_weekly_spend_to_spend
comprehensive_benchmark_20260122_113141_20260303_100131,weibull_pdf_70_90_daily_mixed_by_funnel,unknown,False,,,gs://mmm-app-output/benchmarks/comprehensive_benchmark_20260122_113141_20260303_100131/weibull_pdf_70_90_daily_mixed_by_funnel
comprehensive_benchmark_20260122_113141_20260303_100131,weibull_pdf_70_90_daily_spend_to_proxy,unknown,False,,,gs://mmm-app-output/benchmarks/comprehensive_benchmark_20260122_113141_20260303_100131/weibull_pdf_70_90_daily_spend_to_proxy
comprehensive_benchmark_20260122_113141_20260303_100131,weibull_pdf_70_90_daily_spend_to_spend,unknown,False,,,gs://mmm-app-output/benchmarks/comprehensive_benchmark_20260122_113141_20260303_100131/weibull_pdf_70_90_daily_spend_to_spend
comprehensive_benchmark_20260122_113141_20260303_100131,weibull_pdf_70_90_weekly_mixed_by_funnel,unknown,False,,,gs://mmm-app-output/benchmarks/comprehensive_benchmark_20260122_113141_20260303_100131/weibull_pdf_70_90_weekly_mixed_by_funnel
comprehensive_benchmark_20260122_113141_20260303_100131,weibull_pdf_70_90_weekly_spend_to_proxy,unknown,False,,,gs://mmm-app-output/benchmarks/comprehensive_benchmark_20260122_113141_20260303_100131/weibull_pdf_70_90_weekly_spend_to_proxy
comprehensive_benchmark_20260122_113141_20260303_100131,weibull_pdf_70_90_weekly_spend_to_spend,unknown,False,,,gs://mmm-app-output/benchmarks/comprehensive_benchmark_20260122_113141_20260303_100131/weibull_pdf_70_90_weekly_spend_to_spend
comprehensive_benchmark_20260122_113141_20260303_100131,weibull_pdf_75_90_daily_mixed_by_funnel,unknown,False,,,gs://mmm-app-output/benchmarks/comprehensive_benchmark_20260122_113141_20260303_100131/weibull_pdf_75_90_daily_mixed_by_funnel
comprehensive_benchmark_20260122_113141_20260303_100131,weibull_pdf_75_90_daily_spend_to_spend,unknown,False,,,gs://mmm-app-output/benchmarks/comprehensive_benchmark_20260122_113141_20260303_100131/weibull_pdf_75_90_daily_spend_to_spend
comprehensive_benchmark_20260122_113141_20260303_100131,weibull_pdf_75_90_weekly_mixed_by_funnel,unknown,False,,,gs://mmm-app-output/benchmarks/comprehensive_benchmark_20260122_113141_20260303_100131/weibull_pdf_75_90_weekly_mixed_by_funnel
comprehensive_benchmark_20260122_113141_20260303_100131,weibull_pdf_75_90_weekly_spend_to_proxy,unknown,False,,,gs://mmm-app-output/benchmarks/comprehensive_benchmark_20260122_113141_20260303_100131/weibull_pdf_75_90_weekly_spend_to_proxy
comprehensive_benchmark_20260122_113141_20260303_100442,geometric_65_80_daily_mixed_by_funnel,unknown,False,,,gs://mmm-app-output/benchmarks/comprehensive_benchmark_20260122_113141_20260303_100442/geometric_65_80_daily_mixed_by_funnel
comprehensive_benchmark_20260122_113141_20260303_100442,geometric_65_80_daily_spend_to_proxy,unknown,False,,,gs://mmm-app-output/benchmarks/comprehensive_benchmark_20260122_113141_20260303_100442/geometric_65_80_daily_spend_to_proxy
comprehensive_benchmark_20260122_113141_20260303_100442,geometric_65_80_daily_spend_to_spend,unknown,False,,,gs://mmm-app-output/benchmarks/comprehensive_benchmark_20260122_113141_20260303_100442/geometric_65_80_daily_spend_to_spend
comprehensive_benchmark_20260122_113141_20260303_100442,geometric_65_80_weekly_mixed_by_funnel,unknown,False,,,gs://mmm-app-output/benchmarks/comprehensive_benchmark_20260122_113141_20260303_100442/geometric_65_80_weekly_mixed_by_funnel
comprehensive_benchmark_20260122_113141_20260303_100442,geometric_65_80_weekly_spend_to_proxy,unknown,False,,,gs://mmm-app-output/benchmarks/comprehensive_benchmark_20260122_113141_20260303_100442/geometric_65_80_weekly_spend_to_proxy
comprehensive_benchmark_20260122_113141_20260303_100442,geometric_70_90_daily_mixed_by_funnel,unknown,False,,,gs://mmm-app-output/benchmarks/comprehensive_benchmark_20260122_113141_20260303_100442/geometric_70_90_daily_mixed_by_funnel
comprehensive_benchmark_20260122_113141_20260303_100442,geometric_70_90_daily_spend_to_proxy,unknown,False,,,gs://mmm-app-output/benchmarks/comprehensive_benchmark_20260122_113141_20260303_100442/geometric_70_90_daily_spend_to_proxy
comprehensive_benchmark_20260122_113141_20260303_100442,geometric_70_90_weekly_spend_to_proxy,unknown,False,,,gs://mmm-app-output/benchmarks/comprehensive_benchmark_20260122_113141_20260303_100442/geometric_70_90_weekly_spend_to_proxy
comprehensive_benchmark_20260122_113141_20260303_100442,geometric_70_90_weekly_spend_to_spend,unknown,False,,,gs://mmm-app-output/benchmarks/comprehensive_benchmark_20260122_113141_20260303_100442/geometric_70_90_weekly_spend_to_spend
comprehensive_benchmark_20260122_113141_20260303_100442,geometric_75_90_daily_mixed_by_funnel,unknown,False,,,gs://mmm-app-output/benchmarks/comprehensive_benchmark_20260122_113141_20260303_100442/geometric_75_90_daily_mixed_by_funnel
comprehensive_benchmark_20260122_113141_20260303_100442,geometric_75_90_daily_spend_to_proxy,unknown,False,,,gs://mmm-app-output/benchmarks/comprehensive_benchmark_20260122_113141_20260303_100442/geometric_75_90_daily_spend_to_proxy
comprehensive_benchmark_20260122_113141_20260303_100442,geometric_75_90_daily_spend_to_spend,unknown,False,,,gs://mmm-app-output/benchmarks/comprehensive_benchmark_20260122_113141_20260303_100442/geometric_75_90_daily_spend_to_spend
comprehensive_benchmark_20260122_113141_20260303_100442,geometric_75_90_weekly_mixed_by_funnel,unknown,False,,,gs://mmm-app-output/benchmarks/comprehensive_benchmark_20260122_113141_20260303_100442/geometric_75_90_weekly_mixed_by_funnel
comprehensive_benchmark_20260122_113141_20260303_100442,geometric_75_90_weekly_spend_to_proxy,unknown,False,,,gs://mmm-app-output/benchmarks/comprehensive_benchmark_20260122_113141_20260303_100442/geometric_75_90_weekly_spend_to_proxy
comprehensive_benchmark_20260122_113141_20260303_100442,weibull_cdf_65_80_daily_spend_to_spend,unknown,False,,,gs://mmm-app-output/benchmarks/comprehensive_benchmark_20260122_113141_20260303_100442/weibull_cdf_65_80_daily_spend_to_spend
comprehensive_benchmark_20260122_113141_20260303_100442,weibull_cdf_65_80_weekly_mixed_by_funnel,unknown,False,,,gs://mmm-app-output/benchmarks/comprehensive_benchmark_20260122_113141_20260303_100442/weibull_cdf_65_80_weekly_mixed_by_funnel
comprehensive_benchmark_20260122_113141_20260303_100442,weibull_cdf_65_80_weekly_spend_to_proxy,unknown,False,,,gs://mmm-app-output/benchmarks/comprehensive_benchmark_20260122_113141_20260303_100442/weibull_cdf_65_80_weekly_spend_to_proxy
comprehensive_benchmark_20260122_113141_20260303_100442,weibull_cdf_70_90_daily_mixed_by_funnel,unknown,False,,,gs://mmm-app-output/benchmarks/comprehensive_benchmark_20260122_113141_20260303_100442/weibull_cdf_70_90_daily_mixed_by_funnel
comprehensive_benchmark_20260122_113141_20260303_100442,weibull_cdf_70_90_daily_spend_to_proxy,unknown,False,,,gs://mmm-app-output/benchmarks/comprehensive_benchmark_20260122_113141_20260303_100442/weibull_cdf_70_90_daily_spend_to_proxy
comprehensive_benchmark_20260122_113141_20260303_100442,weibull_cdf_70_90_daily_spend_to_spend,unknown,False,,,gs://mmm-app-output/benchmarks/comprehensive_benchmark_20260122_113141_20260303_100442/weibull_cdf_70_90_daily_spend_to_spend
comprehensive_benchmark_20260122_113141_20260303_100442,weibull_cdf_70_90_weekly_mixed_by_funnel,unknown,False,,,gs://mmm-app-output/benchmarks/comprehensive_benchmark_20260122_113141_20260303_100442/weibull_cdf_70_90_weekly_mixed_by_funnel
comprehensive_benchmark_20260122_113141_20260303_100442,weibull_cdf_70_90_weekly_spend_to_proxy,unknown,False,,,gs://mmm-app-output/benchmarks/comprehensive_benchmark_20260122_113141_20260303_100442/weibull_cdf_70_90_weekly_spend_to_proxy
comprehensive_benchmark_20260122_113141_20260303_100442,weibull_cdf_70_90_weekly_spend_to_spend,unknown,False,,,gs://mmm-app-output/benchmarks/comprehensive_benchmark_20260122_113141_20260303_100442/weibull_cdf_70_90_weekly_spend_to_spend
comprehensive_benchmark_20260122_113141_20260303_100442,weibull_cdf_75_90_daily_mixed_by_funnel,unknown,False,,,gs://mmm-app-output/benchmarks/comprehensive_benchmark_20260122_113141_20260303_100442/weibull_cdf_75_90_daily_mixed_by_funnel
comprehensive_benchmark_20260122_113141_20260303_100442,weibull_cdf_75_90_daily_spend_to_proxy,unknown,False,,,gs://mmm-app-output/benchmarks/comprehensive_benchmark_20260122_113141_20260303_100442/weibull_cdf_75_90_daily_spend_to_proxy
comprehensive_benchmark_20260122_113141_20260303_100442,weibull_cdf_75_90_daily_spend_to_spend,unknown,False,,,gs://mmm-app-output/benchmarks/comprehensive_benchmark_20260122_113141_20260303_100442/weibull_cdf_75_90_daily_spend_to_spend
comprehensive_benchmark_20260122_113141_20260303_100442,weibull_cdf_75_90_weekly_mixed_by_funnel,unknown,False,,,gs://mmm-app-output/benchmarks/comprehensive_benchmark_20260122_113141_20260303_100442/weibull_cdf_75_90_weekly_mixed_by_funnel
comprehensive_benchmark_20260122_113141_20260303_100442,weibull_cdf_75_90_weekly_spend_to_proxy,unknown,False,,,gs://mmm-app-output/benchmarks/comprehensive_benchmark_20260122_113141_20260303_100442/weibull_cdf_75_90_weekly_spend_to_proxy
comprehensive_benchmark_20260122_113141_20260303_100442,weibull_cdf_75_90_weekly_spend_to_spend,unknown,False,,,gs://mmm-app-output/benchmarks/comprehensive_benchmark_20260122_113141_20260303_100442/weibull_cdf_75_90_weekly_spend_to_spend
comprehensive_benchmark_20260122_113141_20260303_100442,weibull_pdf_65_80_daily_spend_to_proxy,unknown,False,,,gs://mmm-app-output/benchmarks/comprehensive_benchmark_20260122_113141_20260303_100442/weibull_pdf_65_80_daily_spend_to_proxy
comprehensive_benchmark_20260122_113141_20260303_100442,weibull_pdf_65_80_daily_spend_to_spend,unknown,False,,,gs://mmm-app-output/benchmarks/comprehensive_benchmark_20260122_113141_20260303_100442/weibull_pdf_65_80_daily_spend_to_spend
comprehensive_benchmark_20260122_113141_20260303_100442,weibull_pdf_65_80_weekly_mixed_by_funnel,unknown,False,,,gs://mmm-app-output/benchmarks/comprehensive_benchmark_20260122_113141_20260303_100442/weibull_pdf_65_80_weekly_mixed_by_funnel
comprehensive_benchmark_20260122_113141_20260303_100442,weibull_pdf_65_80_weekly_spend_to_proxy,unknown,False,,,gs://mmm-app-output/benchmarks/comprehensive_benchmark_20260122_113141_20260303_100442/weibull_pdf_65_80_weekly_spend_to_proxy
comprehensive_benchmark_20260122_113141_20260303_100442,weibull_pdf_65_80_weekly_spend_to_spend,unknown,False,,,gs://mmm-app-output/benchmarks/comprehensive_benchmark_20260122_113141_20260303_100442/weibull_pdf_65_80_weekly_spend_to_spend
comprehensive_benchmark_20260122_113141_20260303_100442,weibull_pdf_70_90_daily_spend_to_proxy,unknown,False,,,gs://mmm-app-output/benchmarks/comprehensive_benchmark_20260122_113141_20260303_100442/weibull_pdf_70_90_daily_spend_to_proxy
comprehensive_benchmark_20260122_113141_20260303_100442,weibull_pdf_70_90_daily_spend_to_spend,unknown,False,,,gs://mmm-app-output/benchmarks/comprehensive_benchmark_20260122_113141_20260303_100442/weibull_pdf_70_90_daily_spend_to_spend
comprehensive_benchmark_20260122_113141_20260303_100442,weibull_pdf_70_90_weekly_mixed_by_funnel,unknown,False,,,gs://mmm-app-output/benchmarks/comprehensive_benchmark_20260122_113141_20260303_100442/weibull_pdf_70_90_weekly_mixed_by_funnel
comprehensive_benchmark_20260122_113141_20260303_100442,weibull_pdf_70_90_weekly_spend_to_proxy,unknown,False,,,gs://mmm-app-output/benchmarks/comprehensive_benchmark_20260122_113141_20260303_100442/weibull_pdf_70_90_weekly_spend_to_proxy
comprehensive_benchmark_20260122_113141_20260303_100442,weibull_pdf_70_90_weekly_spend_to_spend,unknown,False,,,gs://mmm-app-output/benchmarks/comprehensive_benchmark_20260122_113141_20260303_100442/weibull_pdf_70_90_weekly_spend_to_spend
comprehensive_benchmark_20260122_113141_20260303_100442,weibull_pdf_75_90_weekly_mixed_by_funnel,unknown,False,,,gs://mmm-app-output/benchmarks/comprehensive_benchmark_20260122_113141_20260303_100442/weibull_pdf_75_90_weekly_mixed_by_funnel
comprehensive_benchmark_20260122_113141_20260303_100442,weibull_pdf_75_90_weekly_spend_to_proxy,unknown,False,,,gs://mmm-app-output/benchmarks/comprehensive_benchmark_20260122_113141_20260303_100442/weibull_pdf_75_90_weekly_spend_to_proxy
comprehensive_benchmark_standard_20260417_073808_20260417_053812,geometric_65_80_daily_mixed_by_funnel_full,unknown,False,,,gs://mmm-app-output/benchmarks/comprehensive_benchmark_standard_20260417_073808_20260417_053812/geometric_65_80_daily_mixed_by_funnel_full
comprehensive_benchmark_standard_20260417_073808_20260417_053812,geometric_65_80_daily_spend_to_proxy_full,unknown,False,,,gs://mmm-app-output/benchmarks/comprehensive_benchmark_standard_20260417_073808_20260417_053812/geometric_65_80_daily_spend_to_proxy_full
comprehensive_benchmark_standard_20260417_073808_20260417_053812,geometric_65_80_daily_spend_to_spend_full,unknown,False,,,gs://mmm-app-output/benchmarks/comprehensive_benchmark_standard_20260417_073808_20260417_053812/geometric_65_80_daily_spend_to_spend_full
comprehensive_benchmark_standard_20260417_073808_20260417_053812,geometric_65_80_weekly_mixed_by_funnel_full,unknown,False,,,gs://mmm-app-output/benchmarks/comprehensive_benchmark_standard_20260417_073808_20260417_053812/geometric_65_80_weekly_mixed_by_funnel_full
comprehensive_benchmark_standard_20260417_073808_20260417_053812,geometric_65_80_weekly_spend_to_proxy_full,unknown,False,,,gs://mmm-app-output/benchmarks/comprehensive_benchmark_standard_20260417_073808_20260417_053812/geometric_65_80_weekly_spend_to_proxy_full
comprehensive_benchmark_standard_20260417_073808_20260417_053812,geometric_65_80_weekly_spend_to_spend_full,unknown,False,,,gs://mmm-app-output/benchmarks/comprehensive_benchmark_standard_20260417_073808_20260417_053812/geometric_65_80_weekly_spend_to_spend_full
comprehensive_benchmark_standard_20260417_073808_20260417_053812,geometric_70_90_daily_mixed_by_funnel_full,unknown,False,,,gs://mmm-app-output/benchmarks/comprehensive_benchmark_standard_20260417_073808_20260417_053812/geometric_70_90_daily_mixed_by_funnel_full
comprehensive_benchmark_standard_20260417_073808_20260417_053812,geometric_70_90_daily_spend_to_spend_full,unknown,False,,,gs://mmm-app-output/benchmarks/comprehensive_benchmark_standard_20260417_073808_20260417_053812/geometric_70_90_daily_spend_to_spend_full
comprehensive_benchmark_standard_20260417_073808_20260417_053812,geometric_70_90_weekly_mixed_by_funnel_full,unknown,False,,,gs://mmm-app-output/benchmarks/comprehensive_benchmark_standard_20260417_073808_20260417_053812/geometric_70_90_weekly_mixed_by_funnel_full
comprehensive_benchmark_standard_20260417_073808_20260417_053812,geometric_70_90_weekly_spend_to_proxy_full,unknown,False,,,gs://mmm-app-output/benchmarks/comprehensive_benchmark_standard_20260417_073808_20260417_053812/geometric_70_90_weekly_spend_to_proxy_full
comprehensive_benchmark_standard_20260417_073808_20260417_053812,geometric_70_90_weekly_spend_to_spend_full,unknown,False,,,gs://mmm-app-output/benchmarks/comprehensive_benchmark_standard_20260417_073808_20260417_053812/geometric_70_90_weekly_spend_to_spend_full
comprehensive_benchmark_standard_20260417_073808_20260417_053812,geometric_75_90_daily_mixed_by_funnel_full,unknown,False,,,gs://mmm-app-output/benchmarks/comprehensive_benchmark_standard_20260417_073808_20260417_053812/geometric_75_90_daily_mixed_by_funnel_full
comprehensive_benchmark_standard_20260417_073808_20260417_053812,geometric_75_90_daily_spend_to_proxy_full,unknown,False,,,gs://mmm-app-output/benchmarks/comprehensive_benchmark_standard_20260417_073808_20260417_053812/geometric_75_90_daily_spend_to_proxy_full
comprehensive_benchmark_standard_20260417_073808_20260417_053812,geometric_75_90_daily_spend_to_spend_full,unknown,False,,,gs://mmm-app-output/benchmarks/comprehensive_benchmark_standard_20260417_073808_20260417_053812/geometric_75_90_daily_spend_to_spend_full
comprehensive_benchmark_standard_20260417_073808_20260417_053812,geometric_75_90_weekly_mixed_by_funnel_full,unknown,False,,,gs://mmm-app-output/benchmarks/comprehensive_benchmark_standard_20260417_073808_20260417_053812/geometric_75_90_weekly_mixed_by_funnel_full
comprehensive_benchmark_standard_20260417_073808_20260417_053812,geometric_75_90_weekly_spend_to_proxy_full,unknown,False,,,gs://mmm-app-output/benchmarks/comprehensive_benchmark_standard_20260417_073808_20260417_053812/geometric_75_90_weekly_spend_to_proxy_full
comprehensive_benchmark_standard_20260417_073808_20260417_053812,geometric_75_90_weekly_spend_to_spend_full,unknown,False,,,gs://mmm-app-output/benchmarks/comprehensive_benchmark_standard_20260417_073808_20260417_053812/geometric_75_90_weekly_spend_to_spend_full
comprehensive_benchmark_standard_20260417_080302_20260417_060306,geometric_65_80_daily_mixed_by_funnel_full,unknown,False,,,gs://mmm-app-output/benchmarks/comprehensive_benchmark_standard_20260417_080302_20260417_060306/geometric_65_80_daily_mixed_by_funnel_full
comprehensive_benchmark_standard_20260417_080302_20260417_060306,geometric_65_80_daily_spend_to_proxy_full,unknown,False,,,gs://mmm-app-output/benchmarks/comprehensive_benchmark_standard_20260417_080302_20260417_060306/geometric_65_80_daily_spend_to_proxy_full
comprehensive_benchmark_standard_20260417_080302_20260417_060306,geometric_65_80_daily_spend_to_spend_full,unknown,False,,,gs://mmm-app-output/benchmarks/comprehensive_benchmark_standard_20260417_080302_20260417_060306/geometric_65_80_daily_spend_to_spend_full
comprehensive_benchmark_standard_20260417_080302_20260417_060306,geometric_65_80_weekly_mixed_by_funnel_full,unknown,False,,,gs://mmm-app-output/benchmarks/comprehensive_benchmark_standard_20260417_080302_20260417_060306/geometric_65_80_weekly_mixed_by_funnel_full
comprehensive_benchmark_standard_20260417_080302_20260417_060306,geometric_65_80_weekly_spend_to_proxy_full,unknown,False,,,gs://mmm-app-output/benchmarks/comprehensive_benchmark_standard_20260417_080302_20260417_060306/geometric_65_80_weekly_spend_to_proxy_full
comprehensive_benchmark_standard_20260417_080302_20260417_060306,geometric_65_80_weekly_spend_to_spend_full,unknown,False,,,gs://mmm-app-output/benchmarks/comprehensive_benchmark_standard_20260417_080302_20260417_060306/geometric_65_80_weekly_spend_to_spend_full
comprehensive_benchmark_standard_20260417_080302_20260417_060306,geometric_70_90_daily_mixed_by_funnel_full,unknown,False,,,gs://mmm-app-output/benchmarks/comprehensive_benchmark_standard_20260417_080302_20260417_060306/geometric_70_90_daily_mixed_by_funnel_full
comprehensive_benchmark_standard_20260417_080302_20260417_060306,geometric_70_90_daily_spend_to_proxy_full,unknown,False,,,gs://mmm-app-output/benchmarks/comprehensive_benchmark_standard_20260417_080302_20260417_060306/geometric_70_90_daily_spend_to_proxy_full
comprehensive_benchmark_standard_20260417_080302_20260417_060306,geometric_70_90_weekly_mixed_by_funnel_full,unknown,False,,,gs://mmm-app-output/benchmarks/comprehensive_benchmark_standard_20260417_080302_20260417_060306/geometric_70_90_weekly_mixed_by_funnel_full
comprehensive_benchmark_standard_20260417_080302_20260417_060306,geometric_70_90_weekly_spend_to_proxy_full,unknown,False,,,gs://mmm-app-output/benchmarks/comprehensive_benchmark_standard_20260417_080302_20260417_060306/geometric_70_90_weekly_spend_to_proxy_full
comprehensive_benchmark_standard_20260417_080302_20260417_060306,geometric_70_90_weekly_spend_to_spend_full,unknown,False,,,gs://mmm-app-output/benchmarks/comprehensive_benchmark_standard_20260417_080302_20260417_060306/geometric_70_90_weekly_spend_to_spend_full
comprehensive_benchmark_standard_20260417_080302_20260417_060306,geometric_75_90_daily_mixed_by_funnel_full,unknown,False,,,gs://mmm-app-output/benchmarks/comprehensive_benchmark_standard_20260417_080302_20260417_060306/geometric_75_90_daily_mixed_by_funnel_full
comprehensive_benchmark_standard_20260417_080302_20260417_060306,geometric_75_90_daily_spend_to_proxy_full,unknown,False,,,gs://mmm-app-output/benchmarks/comprehensive_benchmark_standard_20260417_080302_20260417_060306/geometric_75_90_daily_spend_to_proxy_full
comprehensive_benchmark_standard_20260417_080302_20260417_060306,geometric_75_90_daily_spend_to_spend_full,unknown,False,,,gs://mmm-app-output/benchmarks/comprehensive_benchmark_standard_20260417_080302_20260417_060306/geometric_75_90_daily_spend_to_spend_full
comprehensive_benchmark_standard_20260417_080302_20260417_060306,geometric_75_90_weekly_mixed_by_funnel_full,unknown,False,,,gs://mmm-app-output/benchmarks/comprehensive_benchmark_standard_20260417_080302_20260417_060306/geometric_75_90_weekly_mixed_by_funnel_full
comprehensive_benchmark_standard_20260417_080302_20260417_060306,geometric_75_90_weekly_spend_to_proxy_full,unknown,False,,,gs://mmm-app-output/benchmarks/comprehensive_benchmark_standard_20260417_080302_20260417_060306/geometric_75_90_weekly_spend_to_proxy_full
comprehensive_benchmark_standard_20260417_080302_20260417_060306,geometric_75_90_weekly_spend_to_spend_full,unknown,False,,,gs://mmm-app-output/benchmarks/comprehensive_benchmark_standard_20260417_080302_20260417_060306/geometric_75_90_weekly_spend_to_spend_full
comprehensive_benchmark_standard_20260417_082530_20260417_062534,geometric_70_90_weekly_spend_to_proxy_full,unknown,False,,,gs://mmm-app-output/benchmarks/comprehensive_benchmark_standard_20260417_082530_20260417_062534/geometric_70_90_weekly_spend_to_proxy_full
comprehensive_benchmark_standard_20260417_082530_20260417_062534,geometric_70_90_weekly_spend_to_spend_full,unknown,False,,,gs://mmm-app-output/benchmarks/comprehensive_benchmark_standard_20260417_082530_20260417_062534/geometric_70_90_weekly_spend_to_spend_full
comprehensive_benchmark_standard_20260418_042841_20260418_022846,geometric_70_90_weekly_spend_to_proxy_full,unknown,False,,,gs://mmm-app-output/benchmarks/comprehensive_benchmark_standard_20260418_042841_20260418_022846/geometric_70_90_weekly_spend_to_proxy_full
comprehensive_benchmark_standard_20260419_082206_20260419_062211,geometric_70_90_weekly_spend_to_proxy_full,unknown,False,,,gs://mmm-app-output/benchmarks/comprehensive_benchmark_standard_20260419_082206_20260419_062211/geometric_70_90_weekly_spend_to_proxy_full
comprehensive_benchmark_standard_20260419_082206_20260419_062211,geometric_70_90_weekly_spend_to_spend_full,unknown,False,,,gs://mmm-app-output/benchmarks/comprehensive_benchmark_standard_20260419_082206_20260419_062211/geometric_70_90_weekly_spend_to_spend_full
dk_benchmark_20260407_131210,dk_context_expanded_test_geometric_75_90_daily_mixed_by_funnel_clicks,unknown,False,,,gs://mmm-app-output/benchmarks/dk_benchmark_20260407_131210/dk_context_expanded_test_geometric_75_90_daily_mixed_by_funnel_clicks
dk_benchmark_20260407_131210,dk_context_expanded_test_geometric_75_90_daily_spend_to_clicks,unknown,False,,,gs://mmm-app-output/benchmarks/dk_benchmark_20260407_131210/dk_context_expanded_test_geometric_75_90_daily_spend_to_clicks
dk_benchmark_20260407_131210,dk_context_expanded_test_geometric_75_90_weekly_mixed_by_funnel_clicks,unknown,False,,,gs://mmm-app-output/benchmarks/dk_benchmark_20260407_131210/dk_context_expanded_test_geometric_75_90_weekly_mixed_by_funnel_clicks
dk_benchmark_20260407_131210,dk_context_expanded_test_geometric_75_90_weekly_spend_to_clicks,unknown,False,,,gs://mmm-app-output/benchmarks/dk_benchmark_20260407_131210/dk_context_expanded_test_geometric_75_90_weekly_spend_to_clicks
dk_benchmark_20260407_131210,dk_context_minimal_geometric_75_90_daily_mixed_by_funnel_clicks,unknown,False,,,gs://mmm-app-output/benchmarks/dk_benchmark_20260407_131210/dk_context_minimal_geometric_75_90_daily_mixed_by_funnel_clicks
dk_benchmark_20260407_131210,dk_context_minimal_geometric_75_90_daily_spend_to_clicks,unknown,False,,,gs://mmm-app-output/benchmarks/dk_benchmark_20260407_131210/dk_context_minimal_geometric_75_90_daily_spend_to_clicks
dk_benchmark_20260407_131210,dk_context_minimal_geometric_75_90_weekly_mixed_by_funnel_clicks,unknown,False,,,gs://mmm-app-output/benchmarks/dk_benchmark_20260407_131210/dk_context_minimal_geometric_75_90_weekly_mixed_by_funnel_clicks
dk_benchmark_20260407_131210,dk_context_minimal_geometric_75_90_weekly_spend_to_clicks,unknown,False,,,gs://mmm-app-output/benchmarks/dk_benchmark_20260407_131210/dk_context_minimal_geometric_75_90_weekly_spend_to_clicks
dk_benchmark_20260407_131210,dk_context_occ30d_test_geometric_75_90_daily_mixed_by_funnel_clicks,unknown,False,,,gs://mmm-app-output/benchmarks/dk_benchmark_20260407_131210/dk_context_occ30d_test_geometric_75_90_daily_mixed_by_funnel_clicks
dk_benchmark_20260407_131210,dk_context_occ30d_test_geometric_75_90_daily_spend_to_clicks,unknown,False,,,gs://mmm-app-output/benchmarks/dk_benchmark_20260407_131210/dk_context_occ30d_test_geometric_75_90_daily_spend_to_clicks
dk_benchmark_20260407_131210,dk_context_occ30d_test_geometric_75_90_weekly_mixed_by_funnel_clicks,unknown,False,,,gs://mmm-app-output/benchmarks/dk_benchmark_20260407_131210/dk_context_occ30d_test_geometric_75_90_weekly_mixed_by_funnel_clicks
dk_benchmark_20260407_131210,dk_context_occ30d_test_geometric_75_90_weekly_spend_to_clicks,unknown,False,,,gs://mmm-app-output/benchmarks/dk_benchmark_20260407_131210/dk_context_occ30d_test_geometric_75_90_weekly_spend_to_clicks
dk_benchmark_20260407_131210,dk_context_occ_current_test_geometric_75_90_daily_mixed_by_funnel_clicks,unknown,False,,,gs://mmm-app-output/benchmarks/dk_benchmark_20260407_131210/dk_context_occ_current_test_geometric_75_90_daily_mixed_by_funnel_clicks
dk_benchmark_20260407_131210,dk_context_occ_current_test_geometric_75_90_daily_spend_to_clicks,unknown,False,,,gs://mmm-app-output/benchmarks/dk_benchmark_20260407_131210/dk_context_occ_current_test_geometric_75_90_daily_spend_to_clicks
dk_benchmark_20260407_131210,dk_context_occ_current_test_geometric_75_90_weekly_mixed_by_funnel_clicks,unknown,False,,,gs://mmm-app-output/benchmarks/dk_benchmark_20260407_131210/dk_context_occ_current_test_geometric_75_90_weekly_mixed_by_funnel_clicks
dk_benchmark_20260407_131210,dk_context_occ_current_test_geometric_75_90_weekly_spend_to_clicks,unknown,False,,,gs://mmm-app-output/benchmarks/dk_benchmark_20260407_131210/dk_context_occ_current_test_geometric_75_90_weekly_spend_to_clicks
dk_benchmark_20260407_131210,dk_context_supply_geometric_75_90_daily_mixed_by_funnel_clicks,unknown,False,,,gs://mmm-app-output/benchmarks/dk_benchmark_20260407_131210/dk_context_supply_geometric_75_90_daily_mixed_by_funnel_clicks
dk_benchmark_20260407_131210,dk_context_supply_geometric_75_90_daily_spend_to_clicks,unknown,False,,,gs://mmm-app-output/benchmarks/dk_benchmark_20260407_131210/dk_context_supply_geometric_75_90_daily_spend_to_clicks
dk_benchmark_20260407_131210,dk_context_supply_geometric_75_90_weekly_mixed_by_funnel_clicks,unknown,False,,,gs://mmm-app-output/benchmarks/dk_benchmark_20260407_131210/dk_context_supply_geometric_75_90_weekly_mixed_by_funnel_clicks
dk_benchmark_20260407_131210,dk_context_supply_geometric_75_90_weekly_spend_to_clicks,unknown,False,,,gs://mmm-app-output/benchmarks/dk_benchmark_20260407_131210/dk_context_supply_geometric_75_90_weekly_spend_to_clicks
dk_benchmark_20260407_131210,dk_context_supply_plus_occ7d_geometric_75_90_daily_mixed_by_funnel_clicks,unknown,False,,,gs://mmm-app-output/benchmarks/dk_benchmark_20260407_131210/dk_context_supply_plus_occ7d_geometric_75_90_daily_mixed_by_funnel_clicks
dk_benchmark_20260407_131210,dk_context_supply_plus_occ7d_geometric_75_90_daily_spend_to_clicks,unknown,False,,,gs://mmm-app-output/benchmarks/dk_benchmark_20260407_131210/dk_context_supply_plus_occ7d_geometric_75_90_daily_spend_to_clicks
dk_benchmark_20260407_131210,dk_context_supply_plus_occ7d_geometric_75_90_weekly_mixed_by_funnel_clicks,unknown,False,,,gs://mmm-app-output/benchmarks/dk_benchmark_20260407_131210/dk_context_supply_plus_occ7d_geometric_75_90_weekly_mixed_by_funnel_clicks
dk_benchmark_20260407_131210,dk_context_supply_plus_occ7d_geometric_75_90_weekly_spend_to_clicks,unknown,False,,,gs://mmm-app-output/benchmarks/dk_benchmark_20260407_131210/dk_context_supply_plus_occ7d_geometric_75_90_weekly_spend_to_clicks
dk_benchmark_20260407_134730,dk_context_expanded_test_geometric_75_90_daily_mixed_by_funnel_clicks,unknown,False,,,gs://mmm-app-output/benchmarks/dk_benchmark_20260407_134730/dk_context_expanded_test_geometric_75_90_daily_mixed_by_funnel_clicks
dk_benchmark_20260407_134730,dk_context_expanded_test_geometric_75_90_daily_spend_to_clicks,unknown,False,,,gs://mmm-app-output/benchmarks/dk_benchmark_20260407_134730/dk_context_expanded_test_geometric_75_90_daily_spend_to_clicks
dk_benchmark_20260407_134730,dk_context_expanded_test_geometric_75_90_weekly_mixed_by_funnel_clicks,unknown,False,,,gs://mmm-app-output/benchmarks/dk_benchmark_20260407_134730/dk_context_expanded_test_geometric_75_90_weekly_mixed_by_funnel_clicks
dk_benchmark_20260407_134730,dk_context_expanded_test_geometric_75_90_weekly_spend_to_clicks,unknown,False,,,gs://mmm-app-output/benchmarks/dk_benchmark_20260407_134730/dk_context_expanded_test_geometric_75_90_weekly_spend_to_clicks
dk_benchmark_20260407_134730,dk_context_minimal_geometric_75_90_daily_mixed_by_funnel_clicks,unknown,False,,,gs://mmm-app-output/benchmarks/dk_benchmark_20260407_134730/dk_context_minimal_geometric_75_90_daily_mixed_by_funnel_clicks
dk_benchmark_20260407_134730,dk_context_minimal_geometric_75_90_daily_spend_to_clicks,unknown,False,,,gs://mmm-app-output/benchmarks/dk_benchmark_20260407_134730/dk_context_minimal_geometric_75_90_daily_spend_to_clicks
dk_benchmark_20260407_134730,dk_context_minimal_geometric_75_90_weekly_mixed_by_funnel_clicks,unknown,False,,,gs://mmm-app-output/benchmarks/dk_benchmark_20260407_134730/dk_context_minimal_geometric_75_90_weekly_mixed_by_funnel_clicks
dk_benchmark_20260407_134730,dk_context_minimal_geometric_75_90_weekly_spend_to_clicks,unknown,False,,,gs://mmm-app-output/benchmarks/dk_benchmark_20260407_134730/dk_context_minimal_geometric_75_90_weekly_spend_to_clicks
dk_benchmark_20260407_134730,dk_context_occ30d_test_geometric_75_90_daily_mixed_by_funnel_clicks,unknown,False,,,gs://mmm-app-output/benchmarks/dk_benchmark_20260407_134730/dk_context_occ30d_test_geometric_75_90_daily_mixed_by_funnel_clicks
dk_benchmark_20260407_134730,dk_context_occ30d_test_geometric_75_90_daily_spend_to_clicks,unknown,False,,,gs://mmm-app-output/benchmarks/dk_benchmark_20260407_134730/dk_context_occ30d_test_geometric_75_90_daily_spend_to_clicks
dk_benchmark_20260407_134730,dk_context_occ30d_test_geometric_75_90_weekly_mixed_by_funnel_clicks,unknown,False,,,gs://mmm-app-output/benchmarks/dk_benchmark_20260407_134730/dk_context_occ30d_test_geometric_75_90_weekly_mixed_by_funnel_clicks
dk_benchmark_20260407_134730,dk_context_occ30d_test_geometric_75_90_weekly_spend_to_clicks,unknown,False,,,gs://mmm-app-output/benchmarks/dk_benchmark_20260407_134730/dk_context_occ30d_test_geometric_75_90_weekly_spend_to_clicks
dk_benchmark_20260407_134730,dk_context_occ_current_test_geometric_75_90_daily_mixed_by_funnel_clicks,unknown,False,,,gs://mmm-app-output/benchmarks/dk_benchmark_20260407_134730/dk_context_occ_current_test_geometric_75_90_daily_mixed_by_funnel_clicks
dk_benchmark_20260407_134730,dk_context_occ_current_test_geometric_75_90_daily_spend_to_clicks,unknown,False,,,gs://mmm-app-output/benchmarks/dk_benchmark_20260407_134730/dk_context_occ_current_test_geometric_75_90_daily_spend_to_clicks
dk_benchmark_20260407_134730,dk_context_occ_current_test_geometric_75_90_weekly_mixed_by_funnel_clicks,unknown,False,,,gs://mmm-app-output/benchmarks/dk_benchmark_20260407_134730/dk_context_occ_current_test_geometric_75_90_weekly_mixed_by_funnel_clicks
dk_benchmark_20260407_134730,dk_context_occ_current_test_geometric_75_90_weekly_spend_to_clicks,unknown,False,,,gs://mmm-app-output/benchmarks/dk_benchmark_20260407_134730/dk_context_occ_current_test_geometric_75_90_weekly_spend_to_clicks
dk_benchmark_20260407_134730,dk_context_supply_geometric_75_90_daily_mixed_by_funnel_clicks,unknown,False,,,gs://mmm-app-output/benchmarks/dk_benchmark_20260407_134730/dk_context_supply_geometric_75_90_daily_mixed_by_funnel_clicks
dk_benchmark_20260407_134730,dk_context_supply_geometric_75_90_daily_spend_to_clicks,unknown,False,,,gs://mmm-app-output/benchmarks/dk_benchmark_20260407_134730/dk_context_supply_geometric_75_90_daily_spend_to_clicks
dk_benchmark_20260407_134730,dk_context_supply_geometric_75_90_weekly_mixed_by_funnel_clicks,unknown,False,,,gs://mmm-app-output/benchmarks/dk_benchmark_20260407_134730/dk_context_supply_geometric_75_90_weekly_mixed_by_funnel_clicks
dk_benchmark_20260407_134730,dk_context_supply_geometric_75_90_weekly_spend_to_clicks,unknown,False,,,gs://mmm-app-output/benchmarks/dk_benchmark_20260407_134730/dk_context_supply_geometric_75_90_weekly_spend_to_clicks
dk_benchmark_20260407_134730,dk_context_supply_plus_occ7d_geometric_75_90_daily_mixed_by_funnel_clicks,unknown,False,,,gs://mmm-app-output/benchmarks/dk_benchmark_20260407_134730/dk_context_supply_plus_occ7d_geometric_75_90_daily_mixed_by_funnel_clicks
dk_benchmark_20260407_134730,dk_context_supply_plus_occ7d_geometric_75_90_daily_spend_to_clicks,unknown,False,,,gs://mmm-app-output/benchmarks/dk_benchmark_20260407_134730/dk_context_supply_plus_occ7d_geometric_75_90_daily_spend_to_clicks
dk_benchmark_20260407_134730,dk_context_supply_plus_occ7d_geometric_75_90_weekly_mixed_by_funnel_clicks,unknown,False,,,gs://mmm-app-output/benchmarks/dk_benchmark_20260407_134730/dk_context_supply_plus_occ7d_geometric_75_90_weekly_mixed_by_funnel_clicks
dk_benchmark_20260407_134730,dk_context_supply_plus_occ7d_geometric_75_90_weekly_spend_to_clicks,unknown,False,,,gs://mmm-app-output/benchmarks/dk_benchmark_20260407_134730/dk_context_supply_plus_occ7d_geometric_75_90_weekly_spend_to_clicks
dk_benchmark_20260407_142816,dk_context_expanded_test_geometric_75_90_daily_mixed_by_funnel_clicks,unknown,False,,,gs://mmm-app-output/benchmarks/dk_benchmark_20260407_142816/dk_context_expanded_test_geometric_75_90_daily_mixed_by_funnel_clicks
dk_benchmark_20260407_142816,dk_context_expanded_test_geometric_75_90_daily_spend_to_clicks,unknown,False,,,gs://mmm-app-output/benchmarks/dk_benchmark_20260407_142816/dk_context_expanded_test_geometric_75_90_daily_spend_to_clicks
dk_benchmark_20260407_142816,dk_context_expanded_test_geometric_75_90_weekly_mixed_by_funnel_clicks,unknown,False,,,gs://mmm-app-output/benchmarks/dk_benchmark_20260407_142816/dk_context_expanded_test_geometric_75_90_weekly_mixed_by_funnel_clicks
dk_benchmark_20260407_142816,dk_context_expanded_test_geometric_75_90_weekly_spend_to_clicks,unknown,False,,,gs://mmm-app-output/benchmarks/dk_benchmark_20260407_142816/dk_context_expanded_test_geometric_75_90_weekly_spend_to_clicks
dk_benchmark_20260407_142816,dk_context_minimal_geometric_75_90_daily_mixed_by_funnel_clicks,unknown,False,,,gs://mmm-app-output/benchmarks/dk_benchmark_20260407_142816/dk_context_minimal_geometric_75_90_daily_mixed_by_funnel_clicks
dk_benchmark_20260407_142816,dk_context_minimal_geometric_75_90_daily_spend_to_clicks,unknown,False,,,gs://mmm-app-output/benchmarks/dk_benchmark_20260407_142816/dk_context_minimal_geometric_75_90_daily_spend_to_clicks
dk_benchmark_20260407_142816,dk_context_minimal_geometric_75_90_weekly_mixed_by_funnel_clicks,unknown,False,,,gs://mmm-app-output/benchmarks/dk_benchmark_20260407_142816/dk_context_minimal_geometric_75_90_weekly_mixed_by_funnel_clicks
dk_benchmark_20260407_142816,dk_context_minimal_geometric_75_90_weekly_spend_to_clicks,unknown,False,,,gs://mmm-app-output/benchmarks/dk_benchmark_20260407_142816/dk_context_minimal_geometric_75_90_weekly_spend_to_clicks
dk_benchmark_20260407_142816,dk_context_occ30d_test_geometric_75_90_daily_mixed_by_funnel_clicks,unknown,False,,,gs://mmm-app-output/benchmarks/dk_benchmark_20260407_142816/dk_context_occ30d_test_geometric_75_90_daily_mixed_by_funnel_clicks
dk_benchmark_20260407_142816,dk_context_occ30d_test_geometric_75_90_daily_spend_to_clicks,unknown,False,,,gs://mmm-app-output/benchmarks/dk_benchmark_20260407_142816/dk_context_occ30d_test_geometric_75_90_daily_spend_to_clicks
dk_benchmark_20260407_142816,dk_context_occ30d_test_geometric_75_90_weekly_mixed_by_funnel_clicks,unknown,False,,,gs://mmm-app-output/benchmarks/dk_benchmark_20260407_142816/dk_context_occ30d_test_geometric_75_90_weekly_mixed_by_funnel_clicks
dk_benchmark_20260407_142816,dk_context_occ30d_test_geometric_75_90_weekly_spend_to_clicks,unknown,False,,,gs://mmm-app-output/benchmarks/dk_benchmark_20260407_142816/dk_context_occ30d_test_geometric_75_90_weekly_spend_to_clicks
dk_benchmark_20260407_142816,dk_context_occ_current_test_geometric_75_90_daily_mixed_by_funnel_clicks,unknown,False,,,gs://mmm-app-output/benchmarks/dk_benchmark_20260407_142816/dk_context_occ_current_test_geometric_75_90_daily_mixed_by_funnel_clicks
dk_benchmark_20260407_142816,dk_context_occ_current_test_geometric_75_90_daily_spend_to_clicks,unknown,False,,,gs://mmm-app-output/benchmarks/dk_benchmark_20260407_142816/dk_context_occ_current_test_geometric_75_90_daily_spend_to_clicks
dk_benchmark_20260407_142816,dk_context_occ_current_test_geometric_75_90_weekly_mixed_by_funnel_clicks,unknown,False,,,gs://mmm-app-output/benchmarks/dk_benchmark_20260407_142816/dk_context_occ_current_test_geometric_75_90_weekly_mixed_by_funnel_clicks
dk_benchmark_20260407_142816,dk_context_occ_current_test_geometric_75_90_weekly_spend_to_clicks,unknown,False,,,gs://mmm-app-output/benchmarks/dk_benchmark_20260407_142816/dk_context_occ_current_test_geometric_75_90_weekly_spend_to_clicks
dk_benchmark_20260407_142816,dk_context_supply_geometric_75_90_daily_mixed_by_funnel_clicks,unknown,False,,,gs://mmm-app-output/benchmarks/dk_benchmark_20260407_142816/dk_context_supply_geometric_75_90_daily_mixed_by_funnel_clicks
dk_benchmark_20260407_142816,dk_context_supply_geometric_75_90_daily_spend_to_clicks,unknown,False,,,gs://mmm-app-output/benchmarks/dk_benchmark_20260407_142816/dk_context_supply_geometric_75_90_daily_spend_to_clicks
dk_benchmark_20260407_142816,dk_context_supply_geometric_75_90_weekly_mixed_by_funnel_clicks,unknown,False,,,gs://mmm-app-output/benchmarks/dk_benchmark_20260407_142816/dk_context_supply_geometric_75_90_weekly_mixed_by_funnel_clicks
dk_benchmark_20260407_142816,dk_context_supply_geometric_75_90_weekly_spend_to_clicks,unknown,False,,,gs://mmm-app-output/benchmarks/dk_benchmark_20260407_142816/dk_context_supply_geometric_75_90_weekly_spend_to_clicks
dk_benchmark_20260407_142816,dk_context_supply_plus_occ7d_geometric_75_90_daily_mixed_by_funnel_clicks,unknown,False,,,gs://mmm-app-output/benchmarks/dk_benchmark_20260407_142816/dk_context_supply_plus_occ7d_geometric_75_90_daily_mixed_by_funnel_clicks
dk_benchmark_20260407_142816,dk_context_supply_plus_occ7d_geometric_75_90_daily_spend_to_clicks,unknown,False,,,gs://mmm-app-output/benchmarks/dk_benchmark_20260407_142816/dk_context_supply_plus_occ7d_geometric_75_90_daily_spend_to_clicks
dk_benchmark_20260407_142816,dk_context_supply_plus_occ7d_geometric_75_90_weekly_mixed_by_funnel_clicks,unknown,False,,,gs://mmm-app-output/benchmarks/dk_benchmark_20260407_142816/dk_context_supply_plus_occ7d_geometric_75_90_weekly_mixed_by_funnel_clicks
dk_benchmark_20260407_142816,dk_context_supply_plus_occ7d_geometric_75_90_weekly_spend_to_clicks,unknown,False,,,gs://mmm-app-output/benchmarks/dk_benchmark_20260407_142816/dk_context_supply_plus_occ7d_geometric_75_90_weekly_spend_to_clicks
dk_benchmark_20260407_164816,dk_context_expanded_test_geometric_75_90_daily_mixed_by_funnel_clicks,unknown,False,,,gs://mmm-app-output/benchmarks/dk_benchmark_20260407_164816/dk_context_expanded_test_geometric_75_90_daily_mixed_by_funnel_clicks
dk_benchmark_20260407_164816,dk_context_expanded_test_geometric_75_90_daily_spend_to_clicks,unknown,False,,,gs://mmm-app-output/benchmarks/dk_benchmark_20260407_164816/dk_context_expanded_test_geometric_75_90_daily_spend_to_clicks
dk_benchmark_20260407_164816,dk_context_expanded_test_geometric_75_90_weekly_mixed_by_funnel_clicks,unknown,False,,,gs://mmm-app-output/benchmarks/dk_benchmark_20260407_164816/dk_context_expanded_test_geometric_75_90_weekly_mixed_by_funnel_clicks
dk_benchmark_20260407_164816,dk_context_expanded_test_geometric_75_90_weekly_spend_to_clicks,unknown,False,,,gs://mmm-app-output/benchmarks/dk_benchmark_20260407_164816/dk_context_expanded_test_geometric_75_90_weekly_spend_to_clicks
dk_benchmark_20260407_164816,dk_context_minimal_geometric_75_90_daily_mixed_by_funnel_clicks,unknown,False,,,gs://mmm-app-output/benchmarks/dk_benchmark_20260407_164816/dk_context_minimal_geometric_75_90_daily_mixed_by_funnel_clicks
dk_benchmark_20260407_164816,dk_context_minimal_geometric_75_90_daily_spend_to_clicks,unknown,False,,,gs://mmm-app-output/benchmarks/dk_benchmark_20260407_164816/dk_context_minimal_geometric_75_90_daily_spend_to_clicks
dk_benchmark_20260407_164816,dk_context_minimal_geometric_75_90_weekly_mixed_by_funnel_clicks,unknown,False,,,gs://mmm-app-output/benchmarks/dk_benchmark_20260407_164816/dk_context_minimal_geometric_75_90_weekly_mixed_by_funnel_clicks
dk_benchmark_20260407_164816,dk_context_minimal_geometric_75_90_weekly_spend_to_clicks,unknown,False,,,gs://mmm-app-output/benchmarks/dk_benchmark_20260407_164816/dk_context_minimal_geometric_75_90_weekly_spend_to_clicks
dk_benchmark_20260407_164816,dk_context_occ30d_test_geometric_75_90_daily_mixed_by_funnel_clicks,unknown,False,,,gs://mmm-app-output/benchmarks/dk_benchmark_20260407_164816/dk_context_occ30d_test_geometric_75_90_daily_mixed_by_funnel_clicks
dk_benchmark_20260407_164816,dk_context_occ30d_test_geometric_75_90_daily_spend_to_clicks,unknown,False,,,gs://mmm-app-output/benchmarks/dk_benchmark_20260407_164816/dk_context_occ30d_test_geometric_75_90_daily_spend_to_clicks
dk_benchmark_20260407_164816,dk_context_occ30d_test_geometric_75_90_weekly_mixed_by_funnel_clicks,unknown,False,,,gs://mmm-app-output/benchmarks/dk_benchmark_20260407_164816/dk_context_occ30d_test_geometric_75_90_weekly_mixed_by_funnel_clicks
dk_benchmark_20260407_164816,dk_context_occ30d_test_geometric_75_90_weekly_spend_to_clicks,unknown,False,,,gs://mmm-app-output/benchmarks/dk_benchmark_20260407_164816/dk_context_occ30d_test_geometric_75_90_weekly_spend_to_clicks
dk_benchmark_20260407_164816,dk_context_occ_current_test_geometric_75_90_daily_mixed_by_funnel_clicks,unknown,False,,,gs://mmm-app-output/benchmarks/dk_benchmark_20260407_164816/dk_context_occ_current_test_geometric_75_90_daily_mixed_by_funnel_clicks
dk_benchmark_20260407_164816,dk_context_occ_current_test_geometric_75_90_daily_spend_to_clicks,unknown,False,,,gs://mmm-app-output/benchmarks/dk_benchmark_20260407_164816/dk_context_occ_current_test_geometric_75_90_daily_spend_to_clicks
dk_benchmark_20260407_164816,dk_context_occ_current_test_geometric_75_90_weekly_mixed_by_funnel_clicks,unknown,False,,,gs://mmm-app-output/benchmarks/dk_benchmark_20260407_164816/dk_context_occ_current_test_geometric_75_90_weekly_mixed_by_funnel_clicks
dk_benchmark_20260407_164816,dk_context_occ_current_test_geometric_75_90_weekly_spend_to_clicks,unknown,False,,,gs://mmm-app-output/benchmarks/dk_benchmark_20260407_164816/dk_context_occ_current_test_geometric_75_90_weekly_spend_to_clicks
dk_benchmark_20260407_164816,dk_context_supply_geometric_75_90_daily_mixed_by_funnel_clicks,unknown,False,,,gs://mmm-app-output/benchmarks/dk_benchmark_20260407_164816/dk_context_supply_geometric_75_90_daily_mixed_by_funnel_clicks
dk_benchmark_20260407_164816,dk_context_supply_geometric_75_90_daily_spend_to_clicks,unknown,False,,,gs://mmm-app-output/benchmarks/dk_benchmark_20260407_164816/dk_context_supply_geometric_75_90_daily_spend_to_clicks
dk_benchmark_20260407_164816,dk_context_supply_geometric_75_90_weekly_mixed_by_funnel_clicks,unknown,False,,,gs://mmm-app-output/benchmarks/dk_benchmark_20260407_164816/dk_context_supply_geometric_75_90_weekly_mixed_by_funnel_clicks
dk_benchmark_20260407_164816,dk_context_supply_geometric_75_90_weekly_spend_to_clicks,unknown,False,,,gs://mmm-app-output/benchmarks/dk_benchmark_20260407_164816/dk_context_supply_geometric_75_90_weekly_spend_to_clicks
dk_benchmark_20260407_164816,dk_context_supply_plus_occ7d_geometric_75_90_daily_mixed_by_funnel_clicks,unknown,False,,,gs://mmm-app-output/benchmarks/dk_benchmark_20260407_164816/dk_context_supply_plus_occ7d_geometric_75_90_daily_mixed_by_funnel_clicks
dk_benchmark_20260407_164816,dk_context_supply_plus_occ7d_geometric_75_90_daily_spend_to_clicks,unknown,False,,,gs://mmm-app-output/benchmarks/dk_benchmark_20260407_164816/dk_context_supply_plus_occ7d_geometric_75_90_daily_spend_to_clicks
dk_benchmark_20260407_164816,dk_context_supply_plus_occ7d_geometric_75_90_weekly_mixed_by_funnel_clicks,unknown,False,,,gs://mmm-app-output/benchmarks/dk_benchmark_20260407_164816/dk_context_supply_plus_occ7d_geometric_75_90_weekly_mixed_by_funnel_clicks
dk_benchmark_20260407_164816,dk_context_supply_plus_occ7d_geometric_75_90_weekly_spend_to_clicks,unknown,False,,,gs://mmm-app-output/benchmarks/dk_benchmark_20260407_164816/dk_context_supply_plus_occ7d_geometric_75_90_weekly_spend_to_clicks
dk_benchmark_20260407_170738,dk_context_expanded_test_geometric_75_90_daily_mixed_by_funnel_clicks,unknown,False,,,gs://mmm-app-output/benchmarks/dk_benchmark_20260407_170738/dk_context_expanded_test_geometric_75_90_daily_mixed_by_funnel_clicks
dk_benchmark_20260407_170738,dk_context_expanded_test_geometric_75_90_daily_spend_to_clicks,unknown,False,,,gs://mmm-app-output/benchmarks/dk_benchmark_20260407_170738/dk_context_expanded_test_geometric_75_90_daily_spend_to_clicks
dk_benchmark_20260407_170738,dk_context_expanded_test_geometric_75_90_weekly_mixed_by_funnel_clicks,unknown,False,,,gs://mmm-app-output/benchmarks/dk_benchmark_20260407_170738/dk_context_expanded_test_geometric_75_90_weekly_mixed_by_funnel_clicks
dk_benchmark_20260407_170738,dk_context_expanded_test_geometric_75_90_weekly_spend_to_clicks,unknown,False,,,gs://mmm-app-output/benchmarks/dk_benchmark_20260407_170738/dk_context_expanded_test_geometric_75_90_weekly_spend_to_clicks
dk_benchmark_20260407_170738,dk_context_minimal_geometric_75_90_daily_mixed_by_funnel_clicks,unknown,False,,,gs://mmm-app-output/benchmarks/dk_benchmark_20260407_170738/dk_context_minimal_geometric_75_90_daily_mixed_by_funnel_clicks
dk_benchmark_20260407_170738,dk_context_minimal_geometric_75_90_daily_spend_to_clicks,unknown,False,,,gs://mmm-app-output/benchmarks/dk_benchmark_20260407_170738/dk_context_minimal_geometric_75_90_daily_spend_to_clicks
dk_benchmark_20260407_170738,dk_context_minimal_geometric_75_90_weekly_mixed_by_funnel_clicks,unknown,False,,,gs://mmm-app-output/benchmarks/dk_benchmark_20260407_170738/dk_context_minimal_geometric_75_90_weekly_mixed_by_funnel_clicks
dk_benchmark_20260407_170738,dk_context_minimal_geometric_75_90_weekly_spend_to_clicks,unknown,False,,,gs://mmm-app-output/benchmarks/dk_benchmark_20260407_170738/dk_context_minimal_geometric_75_90_weekly_spend_to_clicks
dk_benchmark_20260407_170738,dk_context_occ30d_test_geometric_75_90_daily_mixed_by_funnel_clicks,unknown,False,,,gs://mmm-app-output/benchmarks/dk_benchmark_20260407_170738/dk_context_occ30d_test_geometric_75_90_daily_mixed_by_funnel_clicks
dk_benchmark_20260407_170738,dk_context_occ30d_test_geometric_75_90_daily_spend_to_clicks,unknown,False,,,gs://mmm-app-output/benchmarks/dk_benchmark_20260407_170738/dk_context_occ30d_test_geometric_75_90_daily_spend_to_clicks
dk_benchmark_20260407_170738,dk_context_occ30d_test_geometric_75_90_weekly_mixed_by_funnel_clicks,unknown,False,,,gs://mmm-app-output/benchmarks/dk_benchmark_20260407_170738/dk_context_occ30d_test_geometric_75_90_weekly_mixed_by_funnel_clicks
dk_benchmark_20260407_170738,dk_context_occ30d_test_geometric_75_90_weekly_spend_to_clicks,unknown,False,,,gs://mmm-app-output/benchmarks/dk_benchmark_20260407_170738/dk_context_occ30d_test_geometric_75_90_weekly_spend_to_clicks
dk_benchmark_20260407_170738,dk_context_occ_current_test_geometric_75_90_daily_mixed_by_funnel_clicks,unknown,False,,,gs://mmm-app-output/benchmarks/dk_benchmark_20260407_170738/dk_context_occ_current_test_geometric_75_90_daily_mixed_by_funnel_clicks
dk_benchmark_20260407_170738,dk_context_occ_current_test_geometric_75_90_daily_spend_to_clicks,unknown,False,,,gs://mmm-app-output/benchmarks/dk_benchmark_20260407_170738/dk_context_occ_current_test_geometric_75_90_daily_spend_to_clicks
dk_benchmark_20260407_170738,dk_context_occ_current_test_geometric_75_90_weekly_mixed_by_funnel_clicks,unknown,False,,,gs://mmm-app-output/benchmarks/dk_benchmark_20260407_170738/dk_context_occ_current_test_geometric_75_90_weekly_mixed_by_funnel_clicks
dk_benchmark_20260407_170738,dk_context_occ_current_test_geometric_75_90_weekly_spend_to_clicks,unknown,False,,,gs://mmm-app-output/benchmarks/dk_benchmark_20260407_170738/dk_context_occ_current_test_geometric_75_90_weekly_spend_to_clicks
dk_benchmark_20260407_170738,dk_context_supply_geometric_75_90_daily_mixed_by_funnel_clicks,unknown,False,,,gs://mmm-app-output/benchmarks/dk_benchmark_20260407_170738/dk_context_supply_geometric_75_90_daily_mixed_by_funnel_clicks
dk_benchmark_20260407_170738,dk_context_supply_geometric_75_90_daily_spend_to_clicks,unknown,False,,,gs://mmm-app-output/benchmarks/dk_benchmark_20260407_170738/dk_context_supply_geometric_75_90_daily_spend_to_clicks
dk_benchmark_20260407_170738,dk_context_supply_geometric_75_90_weekly_mixed_by_funnel_clicks,unknown,False,,,gs://mmm-app-output/benchmarks/dk_benchmark_20260407_170738/dk_context_supply_geometric_75_90_weekly_mixed_by_funnel_clicks
dk_benchmark_20260407_170738,dk_context_supply_geometric_75_90_weekly_spend_to_clicks,unknown,False,,,gs://mmm-app-output/benchmarks/dk_benchmark_20260407_170738/dk_context_supply_geometric_75_90_weekly_spend_to_clicks
dk_benchmark_20260407_170738,dk_context_supply_plus_occ7d_geometric_75_90_daily_mixed_by_funnel_clicks,unknown,False,,,gs://mmm-app-output/benchmarks/dk_benchmark_20260407_170738/dk_context_supply_plus_occ7d_geometric_75_90_daily_mixed_by_funnel_clicks
dk_benchmark_20260407_170738,dk_context_supply_plus_occ7d_geometric_75_90_daily_spend_to_clicks,unknown,False,,,gs://mmm-app-output/benchmarks/dk_benchmark_20260407_170738/dk_context_supply_plus_occ7d_geometric_75_90_daily_spend_to_clicks
dk_benchmark_20260407_170738,dk_context_supply_plus_occ7d_geometric_75_90_weekly_mixed_by_funnel_clicks,unknown,False,,,gs://mmm-app-output/benchmarks/dk_benchmark_20260407_170738/dk_context_supply_plus_occ7d_geometric_75_90_weekly_mixed_by_funnel_clicks
dk_benchmark_20260407_170738,dk_context_supply_plus_occ7d_geometric_75_90_weekly_spend_to_clicks,unknown,False,,,gs://mmm-app-output/benchmarks/dk_benchmark_20260407_170738/dk_context_supply_plus_occ7d_geometric_75_90_weekly_spend_to_clicks
dk_benchmark_20260408_131559,dk_context_expanded_test_geometric_75_90_daily_mixed_by_funnel_clicks,unknown,False,,,gs://mmm-app-output/benchmarks/dk_benchmark_20260408_131559/dk_context_expanded_test_geometric_75_90_daily_mixed_by_funnel_clicks
dk_benchmark_20260408_131559,dk_context_expanded_test_geometric_75_90_daily_spend_to_clicks,unknown,False,,,gs://mmm-app-output/benchmarks/dk_benchmark_20260408_131559/dk_context_expanded_test_geometric_75_90_daily_spend_to_clicks
dk_benchmark_20260408_131559,dk_context_expanded_test_geometric_75_90_weekly_mixed_by_funnel_clicks,unknown,False,,,gs://mmm-app-output/benchmarks/dk_benchmark_20260408_131559/dk_context_expanded_test_geometric_75_90_weekly_mixed_by_funnel_clicks
dk_benchmark_20260408_131559,dk_context_expanded_test_geometric_75_90_weekly_spend_to_clicks,unknown,False,,,gs://mmm-app-output/benchmarks/dk_benchmark_20260408_131559/dk_context_expanded_test_geometric_75_90_weekly_spend_to_clicks
dk_benchmark_20260408_131559,dk_context_minimal_geometric_75_90_daily_mixed_by_funnel_clicks,unknown,False,,,gs://mmm-app-output/benchmarks/dk_benchmark_20260408_131559/dk_context_minimal_geometric_75_90_daily_mixed_by_funnel_clicks
dk_benchmark_20260408_131559,dk_context_minimal_geometric_75_90_daily_spend_to_clicks,unknown,False,,,gs://mmm-app-output/benchmarks/dk_benchmark_20260408_131559/dk_context_minimal_geometric_75_90_daily_spend_to_clicks
dk_benchmark_20260408_131559,dk_context_minimal_geometric_75_90_weekly_mixed_by_funnel_clicks,unknown,False,,,gs://mmm-app-output/benchmarks/dk_benchmark_20260408_131559/dk_context_minimal_geometric_75_90_weekly_mixed_by_funnel_clicks
dk_benchmark_20260408_131559,dk_context_minimal_geometric_75_90_weekly_spend_to_clicks,unknown,False,,,gs://mmm-app-output/benchmarks/dk_benchmark_20260408_131559/dk_context_minimal_geometric_75_90_weekly_spend_to_clicks
dk_benchmark_20260408_131559,dk_context_occ30d_test_geometric_75_90_daily_mixed_by_funnel_clicks,unknown,False,,,gs://mmm-app-output/benchmarks/dk_benchmark_20260408_131559/dk_context_occ30d_test_geometric_75_90_daily_mixed_by_funnel_clicks
dk_benchmark_20260408_131559,dk_context_occ30d_test_geometric_75_90_daily_spend_to_clicks,unknown,False,,,gs://mmm-app-output/benchmarks/dk_benchmark_20260408_131559/dk_context_occ30d_test_geometric_75_90_daily_spend_to_clicks
dk_benchmark_20260408_131559,dk_context_occ30d_test_geometric_75_90_weekly_mixed_by_funnel_clicks,unknown,False,,,gs://mmm-app-output/benchmarks/dk_benchmark_20260408_131559/dk_context_occ30d_test_geometric_75_90_weekly_mixed_by_funnel_clicks
dk_benchmark_20260408_131559,dk_context_occ30d_test_geometric_75_90_weekly_spend_to_clicks,unknown,False,,,gs://mmm-app-output/benchmarks/dk_benchmark_20260408_131559/dk_context_occ30d_test_geometric_75_90_weekly_spend_to_clicks
dk_benchmark_20260408_131559,dk_context_occ_current_test_geometric_75_90_daily_mixed_by_funnel_clicks,unknown,False,,,gs://mmm-app-output/benchmarks/dk_benchmark_20260408_131559/dk_context_occ_current_test_geometric_75_90_daily_mixed_by_funnel_clicks
dk_benchmark_20260408_131559,dk_context_occ_current_test_geometric_75_90_daily_spend_to_clicks,unknown,False,,,gs://mmm-app-output/benchmarks/dk_benchmark_20260408_131559/dk_context_occ_current_test_geometric_75_90_daily_spend_to_clicks
dk_benchmark_20260408_131559,dk_context_occ_current_test_geometric_75_90_weekly_mixed_by_funnel_clicks,unknown,False,,,gs://mmm-app-output/benchmarks/dk_benchmark_20260408_131559/dk_context_occ_current_test_geometric_75_90_weekly_mixed_by_funnel_clicks
dk_benchmark_20260408_131559,dk_context_occ_current_test_geometric_75_90_weekly_spend_to_clicks,unknown,False,,,gs://mmm-app-output/benchmarks/dk_benchmark_20260408_131559/dk_context_occ_current_test_geometric_75_90_weekly_spend_to_clicks
dk_benchmark_20260408_131559,dk_context_supply_geometric_75_90_daily_mixed_by_funnel_clicks,unknown,False,,,gs://mmm-app-output/benchmarks/dk_benchmark_20260408_131559/dk_context_supply_geometric_75_90_daily_mixed_by_funnel_clicks
dk_benchmark_20260408_131559,dk_context_supply_geometric_75_90_daily_spend_to_clicks,unknown,False,,,gs://mmm-app-output/benchmarks/dk_benchmark_20260408_131559/dk_context_supply_geometric_75_90_daily_spend_to_clicks
dk_benchmark_20260408_131559,dk_context_supply_geometric_75_90_weekly_mixed_by_funnel_clicks,unknown,False,,,gs://mmm-app-output/benchmarks/dk_benchmark_20260408_131559/dk_context_supply_geometric_75_90_weekly_mixed_by_funnel_clicks
dk_benchmark_20260408_131559,dk_context_supply_geometric_75_90_weekly_spend_to_clicks,unknown,False,,,gs://mmm-app-output/benchmarks/dk_benchmark_20260408_131559/dk_context_supply_geometric_75_90_weekly_spend_to_clicks
dk_benchmark_20260408_131559,dk_context_supply_plus_occ7d_geometric_75_90_daily_mixed_by_funnel_clicks,unknown,False,,,gs://mmm-app-output/benchmarks/dk_benchmark_20260408_131559/dk_context_supply_plus_occ7d_geometric_75_90_daily_mixed_by_funnel_clicks
dk_benchmark_20260408_131559,dk_context_supply_plus_occ7d_geometric_75_90_daily_spend_to_clicks,unknown,False,,,gs://mmm-app-output/benchmarks/dk_benchmark_20260408_131559/dk_context_supply_plus_occ7d_geometric_75_90_daily_spend_to_clicks
dk_benchmark_20260408_131559,dk_context_supply_plus_occ7d_geometric_75_90_weekly_mixed_by_funnel_clicks,unknown,False,,,gs://mmm-app-output/benchmarks/dk_benchmark_20260408_131559/dk_context_supply_plus_occ7d_geometric_75_90_weekly_mixed_by_funnel_clicks
dk_benchmark_20260408_131559,dk_context_supply_plus_occ7d_geometric_75_90_weekly_spend_to_clicks,unknown,False,,,gs://mmm-app-output/benchmarks/dk_benchmark_20260408_131559/dk_context_supply_plus_occ7d_geometric_75_90_weekly_spend_to_clicks
dk_benchmark_20260409_085005,dk_context_expanded_test_geometric_75_90_daily_mixed_by_funnel_clicks,unknown,False,,,gs://mmm-app-output/benchmarks/dk_benchmark_20260409_085005/dk_context_expanded_test_geometric_75_90_daily_mixed_by_funnel_clicks
dk_benchmark_20260409_085005,dk_context_expanded_test_geometric_75_90_daily_spend_to_clicks,unknown,False,,,gs://mmm-app-output/benchmarks/dk_benchmark_20260409_085005/dk_context_expanded_test_geometric_75_90_daily_spend_to_clicks
dk_benchmark_20260409_085005,dk_context_expanded_test_geometric_75_90_weekly_mixed_by_funnel_clicks,unknown,False,,,gs://mmm-app-output/benchmarks/dk_benchmark_20260409_085005/dk_context_expanded_test_geometric_75_90_weekly_mixed_by_funnel_clicks
dk_benchmark_20260409_085005,dk_context_expanded_test_geometric_75_90_weekly_spend_to_clicks,unknown,False,,,gs://mmm-app-output/benchmarks/dk_benchmark_20260409_085005/dk_context_expanded_test_geometric_75_90_weekly_spend_to_clicks
dk_benchmark_20260409_085005,dk_context_minimal_geometric_75_90_daily_mixed_by_funnel_clicks,unknown,False,,,gs://mmm-app-output/benchmarks/dk_benchmark_20260409_085005/dk_context_minimal_geometric_75_90_daily_mixed_by_funnel_clicks
dk_benchmark_20260409_085005,dk_context_minimal_geometric_75_90_daily_spend_to_clicks,unknown,False,,,gs://mmm-app-output/benchmarks/dk_benchmark_20260409_085005/dk_context_minimal_geometric_75_90_daily_spend_to_clicks
dk_benchmark_20260409_085005,dk_context_minimal_geometric_75_90_weekly_mixed_by_funnel_clicks,unknown,False,,,gs://mmm-app-output/benchmarks/dk_benchmark_20260409_085005/dk_context_minimal_geometric_75_90_weekly_mixed_by_funnel_clicks
dk_benchmark_20260409_085005,dk_context_minimal_geometric_75_90_weekly_spend_to_clicks,unknown,False,,,gs://mmm-app-output/benchmarks/dk_benchmark_20260409_085005/dk_context_minimal_geometric_75_90_weekly_spend_to_clicks
dk_benchmark_20260409_085005,dk_context_occ30d_test_geometric_75_90_daily_mixed_by_funnel_clicks,unknown,False,,,gs://mmm-app-output/benchmarks/dk_benchmark_20260409_085005/dk_context_occ30d_test_geometric_75_90_daily_mixed_by_funnel_clicks
dk_benchmark_20260409_085005,dk_context_occ30d_test_geometric_75_90_daily_spend_to_clicks,unknown,False,,,gs://mmm-app-output/benchmarks/dk_benchmark_20260409_085005/dk_context_occ30d_test_geometric_75_90_daily_spend_to_clicks
dk_benchmark_20260409_085005,dk_context_occ30d_test_geometric_75_90_weekly_mixed_by_funnel_clicks,unknown,False,,,gs://mmm-app-output/benchmarks/dk_benchmark_20260409_085005/dk_context_occ30d_test_geometric_75_90_weekly_mixed_by_funnel_clicks
dk_benchmark_20260409_085005,dk_context_occ30d_test_geometric_75_90_weekly_spend_to_clicks,unknown,False,,,gs://mmm-app-output/benchmarks/dk_benchmark_20260409_085005/dk_context_occ30d_test_geometric_75_90_weekly_spend_to_clicks
dk_benchmark_20260409_085005,dk_context_occ_current_test_geometric_75_90_daily_mixed_by_funnel_clicks,unknown,False,,,gs://mmm-app-output/benchmarks/dk_benchmark_20260409_085005/dk_context_occ_current_test_geometric_75_90_daily_mixed_by_funnel_clicks
dk_benchmark_20260409_085005,dk_context_occ_current_test_geometric_75_90_daily_spend_to_clicks,unknown,False,,,gs://mmm-app-output/benchmarks/dk_benchmark_20260409_085005/dk_context_occ_current_test_geometric_75_90_daily_spend_to_clicks
dk_benchmark_20260409_085005,dk_context_occ_current_test_geometric_75_90_weekly_mixed_by_funnel_clicks,unknown,False,,,gs://mmm-app-output/benchmarks/dk_benchmark_20260409_085005/dk_context_occ_current_test_geometric_75_90_weekly_mixed_by_funnel_clicks
dk_benchmark_20260409_085005,dk_context_occ_current_test_geometric_75_90_weekly_spend_to_clicks,unknown,False,,,gs://mmm-app-output/benchmarks/dk_benchmark_20260409_085005/dk_context_occ_current_test_geometric_75_90_weekly_spend_to_clicks
dk_benchmark_20260409_085005,dk_context_supply_geometric_75_90_daily_mixed_by_funnel_clicks,unknown,False,,,gs://mmm-app-output/benchmarks/dk_benchmark_20260409_085005/dk_context_supply_geometric_75_90_daily_mixed_by_funnel_clicks
dk_benchmark_20260409_085005,dk_context_supply_geometric_75_90_daily_spend_to_clicks,unknown,False,,,gs://mmm-app-output/benchmarks/dk_benchmark_20260409_085005/dk_context_supply_geometric_75_90_daily_spend_to_clicks
dk_benchmark_20260409_085005,dk_context_supply_geometric_75_90_weekly_mixed_by_funnel_clicks,unknown,False,,,gs://mmm-app-output/benchmarks/dk_benchmark_20260409_085005/dk_context_supply_geometric_75_90_weekly_mixed_by_funnel_clicks
dk_benchmark_20260409_085005,dk_context_supply_geometric_75_90_weekly_spend_to_clicks,unknown,False,,,gs://mmm-app-output/benchmarks/dk_benchmark_20260409_085005/dk_context_supply_geometric_75_90_weekly_spend_to_clicks
dk_benchmark_20260409_085005,dk_context_supply_plus_occ7d_geometric_75_90_daily_mixed_by_funnel_clicks,unknown,False,,,gs://mmm-app-output/benchmarks/dk_benchmark_20260409_085005/dk_context_supply_plus_occ7d_geometric_75_90_daily_mixed_by_funnel_clicks
dk_benchmark_20260409_085005,dk_context_supply_plus_occ7d_geometric_75_90_daily_spend_to_clicks,unknown,False,,,gs://mmm-app-output/benchmarks/dk_benchmark_20260409_085005/dk_context_supply_plus_occ7d_geometric_75_90_daily_spend_to_clicks
dk_benchmark_20260409_085005,dk_context_supply_plus_occ7d_geometric_75_90_weekly_mixed_by_funnel_clicks,unknown,False,,,gs://mmm-app-output/benchmarks/dk_benchmark_20260409_085005/dk_context_supply_plus_occ7d_geometric_75_90_weekly_mixed_by_funnel_clicks
dk_benchmark_20260409_085005,dk_context_supply_plus_occ7d_geometric_75_90_weekly_spend_to_clicks,unknown,False,,,gs://mmm-app-output/benchmarks/dk_benchmark_20260409_085005/dk_context_supply_plus_occ7d_geometric_75_90_weekly_spend_to_clicks
dk_benchmark_20260409_093314,dk_context_expanded_test_geometric_75_90_daily_mixed_by_funnel_clicks,unknown,False,,,gs://mmm-app-output/benchmarks/dk_benchmark_20260409_093314/dk_context_expanded_test_geometric_75_90_daily_mixed_by_funnel_clicks
dk_benchmark_20260409_093314,dk_context_expanded_test_geometric_75_90_daily_spend_to_clicks,unknown,False,,,gs://mmm-app-output/benchmarks/dk_benchmark_20260409_093314/dk_context_expanded_test_geometric_75_90_daily_spend_to_clicks
dk_benchmark_20260409_093314,dk_context_expanded_test_geometric_75_90_weekly_mixed_by_funnel_clicks,unknown,False,,,gs://mmm-app-output/benchmarks/dk_benchmark_20260409_093314/dk_context_expanded_test_geometric_75_90_weekly_mixed_by_funnel_clicks
dk_benchmark_20260409_093314,dk_context_expanded_test_geometric_75_90_weekly_spend_to_clicks,unknown,False,,,gs://mmm-app-output/benchmarks/dk_benchmark_20260409_093314/dk_context_expanded_test_geometric_75_90_weekly_spend_to_clicks
dk_benchmark_20260409_093314,dk_context_minimal_geometric_75_90_daily_mixed_by_funnel_clicks,unknown,False,,,gs://mmm-app-output/benchmarks/dk_benchmark_20260409_093314/dk_context_minimal_geometric_75_90_daily_mixed_by_funnel_clicks
dk_benchmark_20260409_093314,dk_context_minimal_geometric_75_90_daily_spend_to_clicks,unknown,False,,,gs://mmm-app-output/benchmarks/dk_benchmark_20260409_093314/dk_context_minimal_geometric_75_90_daily_spend_to_clicks
dk_benchmark_20260409_093314,dk_context_minimal_geometric_75_90_weekly_mixed_by_funnel_clicks,unknown,False,,,gs://mmm-app-output/benchmarks/dk_benchmark_20260409_093314/dk_context_minimal_geometric_75_90_weekly_mixed_by_funnel_clicks
dk_benchmark_20260409_093314,dk_context_minimal_geometric_75_90_weekly_spend_to_clicks,unknown,False,,,gs://mmm-app-output/benchmarks/dk_benchmark_20260409_093314/dk_context_minimal_geometric_75_90_weekly_spend_to_clicks
dk_benchmark_20260409_093314,dk_context_occ30d_test_geometric_75_90_daily_mixed_by_funnel_clicks,unknown,False,,,gs://mmm-app-output/benchmarks/dk_benchmark_20260409_093314/dk_context_occ30d_test_geometric_75_90_daily_mixed_by_funnel_clicks
dk_benchmark_20260409_093314,dk_context_occ30d_test_geometric_75_90_daily_spend_to_clicks,unknown,False,,,gs://mmm-app-output/benchmarks/dk_benchmark_20260409_093314/dk_context_occ30d_test_geometric_75_90_daily_spend_to_clicks
dk_benchmark_20260409_093314,dk_context_occ30d_test_geometric_75_90_weekly_mixed_by_funnel_clicks,unknown,False,,,gs://mmm-app-output/benchmarks/dk_benchmark_20260409_093314/dk_context_occ30d_test_geometric_75_90_weekly_mixed_by_funnel_clicks
dk_benchmark_20260409_093314,dk_context_occ30d_test_geometric_75_90_weekly_spend_to_clicks,unknown,False,,,gs://mmm-app-output/benchmarks/dk_benchmark_20260409_093314/dk_context_occ30d_test_geometric_75_90_weekly_spend_to_clicks
dk_benchmark_20260409_093314,dk_context_occ_current_test_geometric_75_90_daily_mixed_by_funnel_clicks,unknown,False,,,gs://mmm-app-output/benchmarks/dk_benchmark_20260409_093314/dk_context_occ_current_test_geometric_75_90_daily_mixed_by_funnel_clicks
dk_benchmark_20260409_093314,dk_context_occ_current_test_geometric_75_90_daily_spend_to_clicks,unknown,False,,,gs://mmm-app-output/benchmarks/dk_benchmark_20260409_093314/dk_context_occ_current_test_geometric_75_90_daily_spend_to_clicks
dk_benchmark_20260409_093314,dk_context_occ_current_test_geometric_75_90_weekly_mixed_by_funnel_clicks,unknown,False,,,gs://mmm-app-output/benchmarks/dk_benchmark_20260409_093314/dk_context_occ_current_test_geometric_75_90_weekly_mixed_by_funnel_clicks
dk_benchmark_20260409_093314,dk_context_occ_current_test_geometric_75_90_weekly_spend_to_clicks,unknown,False,,,gs://mmm-app-output/benchmarks/dk_benchmark_20260409_093314/dk_context_occ_current_test_geometric_75_90_weekly_spend_to_clicks
dk_benchmark_20260409_093314,dk_context_supply_geometric_75_90_daily_mixed_by_funnel_clicks,unknown,False,,,gs://mmm-app-output/benchmarks/dk_benchmark_20260409_093314/dk_context_supply_geometric_75_90_daily_mixed_by_funnel_clicks
dk_benchmark_20260409_093314,dk_context_supply_geometric_75_90_daily_spend_to_clicks,unknown,False,,,gs://mmm-app-output/benchmarks/dk_benchmark_20260409_093314/dk_context_supply_geometric_75_90_daily_spend_to_clicks
dk_benchmark_20260409_093314,dk_context_supply_geometric_75_90_weekly_mixed_by_funnel_clicks,unknown,False,,,gs://mmm-app-output/benchmarks/dk_benchmark_20260409_093314/dk_context_supply_geometric_75_90_weekly_mixed_by_funnel_clicks
dk_benchmark_20260409_093314,dk_context_supply_geometric_75_90_weekly_spend_to_clicks,unknown,False,,,gs://mmm-app-output/benchmarks/dk_benchmark_20260409_093314/dk_context_supply_geometric_75_90_weekly_spend_to_clicks
dk_benchmark_20260409_093314,dk_context_supply_plus_occ7d_geometric_75_90_daily_mixed_by_funnel_clicks,unknown,False,,,gs://mmm-app-output/benchmarks/dk_benchmark_20260409_093314/dk_context_supply_plus_occ7d_geometric_75_90_daily_mixed_by_funnel_clicks
dk_benchmark_20260409_093314,dk_context_supply_plus_occ7d_geometric_75_90_daily_spend_to_clicks,unknown,False,,,gs://mmm-app-output/benchmarks/dk_benchmark_20260409_093314/dk_context_supply_plus_occ7d_geometric_75_90_daily_spend_to_clicks
dk_benchmark_20260409_093314,dk_context_supply_plus_occ7d_geometric_75_90_weekly_mixed_by_funnel_clicks,unknown,False,,,gs://mmm-app-output/benchmarks/dk_benchmark_20260409_093314/dk_context_supply_plus_occ7d_geometric_75_90_weekly_mixed_by_funnel_clicks
dk_benchmark_20260409_093314,dk_context_supply_plus_occ7d_geometric_75_90_weekly_spend_to_clicks,unknown,False,,,gs://mmm-app-output/benchmarks/dk_benchmark_20260409_093314/dk_context_supply_plus_occ7d_geometric_75_90_weekly_spend_to_clicks
dk_benchmark_20260409_105739,dk_context_expanded_test_geometric_75_90_daily_mixed_by_funnel_clicks,unknown,False,,,gs://mmm-app-output/benchmarks/dk_benchmark_20260409_105739/dk_context_expanded_test_geometric_75_90_daily_mixed_by_funnel_clicks
dk_benchmark_20260409_105739,dk_context_expanded_test_geometric_75_90_daily_spend_to_clicks,unknown,False,,,gs://mmm-app-output/benchmarks/dk_benchmark_20260409_105739/dk_context_expanded_test_geometric_75_90_daily_spend_to_clicks
dk_benchmark_20260409_105739,dk_context_expanded_test_geometric_75_90_weekly_mixed_by_funnel_clicks,unknown,False,,,gs://mmm-app-output/benchmarks/dk_benchmark_20260409_105739/dk_context_expanded_test_geometric_75_90_weekly_mixed_by_funnel_clicks
dk_benchmark_20260409_105739,dk_context_expanded_test_geometric_75_90_weekly_spend_to_clicks,unknown,False,,,gs://mmm-app-output/benchmarks/dk_benchmark_20260409_105739/dk_context_expanded_test_geometric_75_90_weekly_spend_to_clicks
dk_benchmark_20260409_105739,dk_context_minimal_geometric_75_90_daily_mixed_by_funnel_clicks,unknown,False,,,gs://mmm-app-output/benchmarks/dk_benchmark_20260409_105739/dk_context_minimal_geometric_75_90_daily_mixed_by_funnel_clicks
dk_benchmark_20260409_105739,dk_context_minimal_geometric_75_90_daily_spend_to_clicks,unknown,False,,,gs://mmm-app-output/benchmarks/dk_benchmark_20260409_105739/dk_context_minimal_geometric_75_90_daily_spend_to_clicks
dk_benchmark_20260409_105739,dk_context_minimal_geometric_75_90_weekly_mixed_by_funnel_clicks,unknown,False,,,gs://mmm-app-output/benchmarks/dk_benchmark_20260409_105739/dk_context_minimal_geometric_75_90_weekly_mixed_by_funnel_clicks
dk_benchmark_20260409_105739,dk_context_minimal_geometric_75_90_weekly_spend_to_clicks,unknown,False,,,gs://mmm-app-output/benchmarks/dk_benchmark_20260409_105739/dk_context_minimal_geometric_75_90_weekly_spend_to_clicks
dk_benchmark_20260409_105739,dk_context_occ30d_test_geometric_75_90_daily_mixed_by_funnel_clicks,unknown,False,,,gs://mmm-app-output/benchmarks/dk_benchmark_20260409_105739/dk_context_occ30d_test_geometric_75_90_daily_mixed_by_funnel_clicks
dk_benchmark_20260409_105739,dk_context_occ30d_test_geometric_75_90_daily_spend_to_clicks,unknown,False,,,gs://mmm-app-output/benchmarks/dk_benchmark_20260409_105739/dk_context_occ30d_test_geometric_75_90_daily_spend_to_clicks
dk_benchmark_20260409_105739,dk_context_occ30d_test_geometric_75_90_weekly_mixed_by_funnel_clicks,unknown,False,,,gs://mmm-app-output/benchmarks/dk_benchmark_20260409_105739/dk_context_occ30d_test_geometric_75_90_weekly_mixed_by_funnel_clicks
dk_benchmark_20260409_105739,dk_context_occ30d_test_geometric_75_90_weekly_spend_to_clicks,unknown,False,,,gs://mmm-app-output/benchmarks/dk_benchmark_20260409_105739/dk_context_occ30d_test_geometric_75_90_weekly_spend_to_clicks
dk_benchmark_20260409_105739,dk_context_occ_current_test_geometric_75_90_daily_mixed_by_funnel_clicks,unknown,False,,,gs://mmm-app-output/benchmarks/dk_benchmark_20260409_105739/dk_context_occ_current_test_geometric_75_90_daily_mixed_by_funnel_clicks
dk_benchmark_20260409_105739,dk_context_occ_current_test_geometric_75_90_daily_spend_to_clicks,unknown,False,,,gs://mmm-app-output/benchmarks/dk_benchmark_20260409_105739/dk_context_occ_current_test_geometric_75_90_daily_spend_to_clicks
dk_benchmark_20260409_105739,dk_context_occ_current_test_geometric_75_90_weekly_mixed_by_funnel_clicks,unknown,False,,,gs://mmm-app-output/benchmarks/dk_benchmark_20260409_105739/dk_context_occ_current_test_geometric_75_90_weekly_mixed_by_funnel_clicks
dk_benchmark_20260409_105739,dk_context_occ_current_test_geometric_75_90_weekly_spend_to_clicks,unknown,False,,,gs://mmm-app-output/benchmarks/dk_benchmark_20260409_105739/dk_context_occ_current_test_geometric_75_90_weekly_spend_to_clicks
dk_benchmark_20260409_105739,dk_context_supply_geometric_75_90_daily_mixed_by_funnel_clicks,unknown,False,,,gs://mmm-app-output/benchmarks/dk_benchmark_20260409_105739/dk_context_supply_geometric_75_90_daily_mixed_by_funnel_clicks
dk_benchmark_20260409_105739,dk_context_supply_geometric_75_90_daily_spend_to_clicks,unknown,False,,,gs://mmm-app-output/benchmarks/dk_benchmark_20260409_105739/dk_context_supply_geometric_75_90_daily_spend_to_clicks
dk_benchmark_20260409_105739,dk_context_supply_geometric_75_90_weekly_mixed_by_funnel_clicks,unknown,False,,,gs://mmm-app-output/benchmarks/dk_benchmark_20260409_105739/dk_context_supply_geometric_75_90_weekly_mixed_by_funnel_clicks
dk_benchmark_20260409_105739,dk_context_supply_geometric_75_90_weekly_spend_to_clicks,unknown,False,,,gs://mmm-app-output/benchmarks/dk_benchmark_20260409_105739/dk_context_supply_geometric_75_90_weekly_spend_to_clicks
dk_benchmark_20260409_105739,dk_context_supply_plus_occ7d_geometric_75_90_daily_mixed_by_funnel_clicks,unknown,False,,,gs://mmm-app-output/benchmarks/dk_benchmark_20260409_105739/dk_context_supply_plus_occ7d_geometric_75_90_daily_mixed_by_funnel_clicks
dk_benchmark_20260409_105739,dk_context_supply_plus_occ7d_geometric_75_90_daily_spend_to_clicks,unknown,False,,,gs://mmm-app-output/benchmarks/dk_benchmark_20260409_105739/dk_context_supply_plus_occ7d_geometric_75_90_daily_spend_to_clicks
dk_benchmark_20260409_105739,dk_context_supply_plus_occ7d_geometric_75_90_weekly_mixed_by_funnel_clicks,unknown,False,,,gs://mmm-app-output/benchmarks/dk_benchmark_20260409_105739/dk_context_supply_plus_occ7d_geometric_75_90_weekly_mixed_by_funnel_clicks
dk_benchmark_20260409_105739,dk_context_supply_plus_occ7d_geometric_75_90_weekly_spend_to_clicks,unknown,False,,,gs://mmm-app-output/benchmarks/dk_benchmark_20260409_105739/dk_context_supply_plus_occ7d_geometric_75_90_weekly_spend_to_clicks
dk_benchmark_20260409_172005,dk_context_occ30d_reduced_geometric_75_90_daily_mixed_by_funnel_clicks,unknown,False,,,gs://mmm-app-output/benchmarks/dk_benchmark_20260409_172005/dk_context_occ30d_reduced_geometric_75_90_daily_mixed_by_funnel_clicks
dk_benchmark_20260409_172005,dk_context_occ30d_reduced_geometric_75_90_daily_spend_to_clicks,unknown,False,,,gs://mmm-app-output/benchmarks/dk_benchmark_20260409_172005/dk_context_occ30d_reduced_geometric_75_90_daily_spend_to_clicks
dk_benchmark_20260409_172005,dk_context_occ30d_reduced_geometric_75_90_weekly_mixed_by_funnel_clicks,skipped,True,,,gs://mmm-app-output/benchmarks/dk_benchmark_20260409_172005/dk_context_occ30d_reduced_geometric_75_90_weekly_mixed_by_funnel_clicks
dk_benchmark_20260409_172005,dk_context_occ30d_reduced_geometric_75_90_weekly_spend_to_clicks,unknown,False,,,gs://mmm-app-output/benchmarks/dk_benchmark_20260409_172005/dk_context_occ30d_reduced_geometric_75_90_weekly_spend_to_clicks
dk_benchmark_20260409_172005,dk_context_reduced_core_geometric_75_90_daily_mixed_by_funnel_clicks,skipped,True,,,gs://mmm-app-output/benchmarks/dk_benchmark_20260409_172005/dk_context_reduced_core_geometric_75_90_daily_mixed_by_funnel_clicks
dk_benchmark_20260409_172005,dk_context_reduced_core_geometric_75_90_daily_spend_to_clicks,skipped,True,,,gs://mmm-app-output/benchmarks/dk_benchmark_20260409_172005/dk_context_reduced_core_geometric_75_90_daily_spend_to_clicks
dk_benchmark_20260409_172005,dk_context_reduced_core_geometric_75_90_weekly_mixed_by_funnel_clicks,skipped,True,,,gs://mmm-app-output/benchmarks/dk_benchmark_20260409_172005/dk_context_reduced_core_geometric_75_90_weekly_mixed_by_funnel_clicks
dk_benchmark_20260409_172005,dk_context_reduced_core_geometric_75_90_weekly_spend_to_clicks,skipped,True,,,gs://mmm-app-output/benchmarks/dk_benchmark_20260409_172005/dk_context_reduced_core_geometric_75_90_weekly_spend_to_clicks
dk_benchmark_20260409_172005,dk_context_reduced_supply_geometric_75_90_daily_mixed_by_funnel_clicks,skipped,True,,,gs://mmm-app-output/benchmarks/dk_benchmark_20260409_172005/dk_context_reduced_supply_geometric_75_90_daily_mixed_by_funnel_clicks
dk_benchmark_20260409_172005,dk_context_reduced_supply_geometric_75_90_daily_spend_to_clicks,skipped,True,,,gs://mmm-app-output/benchmarks/dk_benchmark_20260409_172005/dk_context_reduced_supply_geometric_75_90_daily_spend_to_clicks
dk_benchmark_20260409_172005,dk_context_reduced_supply_geometric_75_90_weekly_mixed_by_funnel_clicks,skipped,True,,,gs://mmm-app-output/benchmarks/dk_benchmark_20260409_172005/dk_context_reduced_supply_geometric_75_90_weekly_mixed_by_funnel_clicks
dk_benchmark_20260409_172005,dk_context_reduced_supply_geometric_75_90_weekly_spend_to_clicks,skipped,True,,,gs://mmm-app-output/benchmarks/dk_benchmark_20260409_172005/dk_context_reduced_supply_geometric_75_90_weekly_spend_to_clicks
dk_benchmark_20260409_172005,dk_context_structured_geometric_75_90_daily_mixed_by_funnel_clicks,skipped,True,,,gs://mmm-app-output/benchmarks/dk_benchmark_20260409_172005/dk_context_structured_geometric_75_90_daily_mixed_by_funnel_clicks
dk_benchmark_20260409_172005,dk_context_structured_geometric_75_90_daily_spend_to_clicks,skipped,True,,,gs://mmm-app-output/benchmarks/dk_benchmark_20260409_172005/dk_context_structured_geometric_75_90_daily_spend_to_clicks
dk_benchmark_20260409_172005,dk_context_structured_geometric_75_90_weekly_mixed_by_funnel_clicks,skipped,True,,,gs://mmm-app-output/benchmarks/dk_benchmark_20260409_172005/dk_context_structured_geometric_75_90_weekly_mixed_by_funnel_clicks
dk_benchmark_20260409_172005,dk_context_structured_geometric_75_90_weekly_spend_to_clicks,skipped,True,,,gs://mmm-app-output/benchmarks/dk_benchmark_20260409_172005/dk_context_structured_geometric_75_90_weekly_spend_to_clicks
dk_benchmark_20260410_023419,dk_context_occ30d_reduced_geometric_75_90_daily_spend_to_clicks,unknown,False,,,gs://mmm-app-output/benchmarks/dk_benchmark_20260410_023419/dk_context_occ30d_reduced_geometric_75_90_daily_spend_to_clicks
dk_benchmark_20260410_023419,dk_context_occ30d_reduced_geometric_75_90_weekly_spend_to_clicks,unknown,False,,,gs://mmm-app-output/benchmarks/dk_benchmark_20260410_023419/dk_context_occ30d_reduced_geometric_75_90_weekly_spend_to_clicks
dk_benchmark_20260410_023419,dk_context_reduced_core_geometric_75_90_daily_mixed_by_funnel_clicks,unknown,False,,,gs://mmm-app-output/benchmarks/dk_benchmark_20260410_023419/dk_context_reduced_core_geometric_75_90_daily_mixed_by_funnel_clicks
dk_benchmark_20260410_023419,dk_context_reduced_core_geometric_75_90_daily_spend_to_clicks,unknown,False,,,gs://mmm-app-output/benchmarks/dk_benchmark_20260410_023419/dk_context_reduced_core_geometric_75_90_daily_spend_to_clicks
dk_benchmark_20260410_023419,dk_context_reduced_supply_geometric_75_90_daily_mixed_by_funnel_clicks,unknown,False,,,gs://mmm-app-output/benchmarks/dk_benchmark_20260410_023419/dk_context_reduced_supply_geometric_75_90_daily_mixed_by_funnel_clicks
dk_benchmark_20260410_023419,dk_context_reduced_supply_geometric_75_90_daily_spend_to_clicks,unknown,False,,,gs://mmm-app-output/benchmarks/dk_benchmark_20260410_023419/dk_context_reduced_supply_geometric_75_90_daily_spend_to_clicks
dk_benchmark_20260410_023419,dk_context_structured_geometric_75_90_daily_spend_to_clicks,unknown,False,,,gs://mmm-app-output/benchmarks/dk_benchmark_20260410_023419/dk_context_structured_geometric_75_90_daily_spend_to_clicks
dk_benchmark_20260410_033048,dk_context_occ30d_reduced_geometric_75_90_daily_spend_to_clicks,unknown,False,,,gs://mmm-app-output/benchmarks/dk_benchmark_20260410_033048/dk_context_occ30d_reduced_geometric_75_90_daily_spend_to_clicks
dk_benchmark_20260410_033048,dk_context_reduced_core_geometric_75_90_daily_mixed_by_funnel_clicks,unknown,False,,,gs://mmm-app-output/benchmarks/dk_benchmark_20260410_033048/dk_context_reduced_core_geometric_75_90_daily_mixed_by_funnel_clicks
dk_benchmark_20260410_033048,dk_context_reduced_core_geometric_75_90_daily_spend_to_clicks,unknown,False,,,gs://mmm-app-output/benchmarks/dk_benchmark_20260410_033048/dk_context_reduced_core_geometric_75_90_daily_spend_to_clicks
dk_benchmark_20260410_033048,dk_context_reduced_supply_geometric_75_90_daily_spend_to_clicks,unknown,False,,,gs://mmm-app-output/benchmarks/dk_benchmark_20260410_033048/dk_context_reduced_supply_geometric_75_90_daily_spend_to_clicks
dk_benchmark_20260410_033048,dk_context_reduced_supply_geometric_75_90_weekly_spend_to_clicks,unknown,False,,,gs://mmm-app-output/benchmarks/dk_benchmark_20260410_033048/dk_context_reduced_supply_geometric_75_90_weekly_spend_to_clicks
dk_benchmark_20260410_033048,dk_context_structured_geometric_75_90_daily_mixed_by_funnel_clicks,unknown,False,,,gs://mmm-app-output/benchmarks/dk_benchmark_20260410_033048/dk_context_structured_geometric_75_90_daily_mixed_by_funnel_clicks
dk_benchmark_20260410_033048,dk_context_structured_geometric_75_90_daily_spend_to_clicks,unknown,False,,,gs://mmm-app-output/benchmarks/dk_benchmark_20260410_033048/dk_context_structured_geometric_75_90_daily_spend_to_clicks
dk_benchmark_20260410_040931,dk_context_occ30d_reduced_geometric_75_90_daily_mixed_by_funnel_clicks,unknown,False,,,gs://mmm-app-output/benchmarks/dk_benchmark_20260410_040931/dk_context_occ30d_reduced_geometric_75_90_daily_mixed_by_funnel_clicks
dk_benchmark_20260410_040931,dk_context_occ30d_reduced_geometric_75_90_daily_spend_to_clicks,unknown,False,,,gs://mmm-app-output/benchmarks/dk_benchmark_20260410_040931/dk_context_occ30d_reduced_geometric_75_90_daily_spend_to_clicks
dk_benchmark_20260410_040931,dk_context_occ30d_reduced_geometric_75_90_weekly_mixed_by_funnel_clicks,unknown,False,,,gs://mmm-app-output/benchmarks/dk_benchmark_20260410_040931/dk_context_occ30d_reduced_geometric_75_90_weekly_mixed_by_funnel_clicks
dk_benchmark_20260410_040931,dk_context_occ30d_reduced_geometric_75_90_weekly_spend_to_clicks,unknown,False,,,gs://mmm-app-output/benchmarks/dk_benchmark_20260410_040931/dk_context_occ30d_reduced_geometric_75_90_weekly_spend_to_clicks
dk_benchmark_20260410_040931,dk_context_reduced_core_geometric_75_90_daily_mixed_by_funnel_clicks,unknown,False,,,gs://mmm-app-output/benchmarks/dk_benchmark_20260410_040931/dk_context_reduced_core_geometric_75_90_daily_mixed_by_funnel_clicks
dk_benchmark_20260410_040931,dk_context_reduced_core_geometric_75_90_weekly_mixed_by_funnel_clicks,unknown,False,,,gs://mmm-app-output/benchmarks/dk_benchmark_20260410_040931/dk_context_reduced_core_geometric_75_90_weekly_mixed_by_funnel_clicks
dk_benchmark_20260410_040931,dk_context_reduced_core_geometric_75_90_weekly_spend_to_clicks,unknown,False,,,gs://mmm-app-output/benchmarks/dk_benchmark_20260410_040931/dk_context_reduced_core_geometric_75_90_weekly_spend_to_clicks
dk_benchmark_20260410_040931,dk_context_reduced_supply_geometric_75_90_daily_mixed_by_funnel_clicks,unknown,False,,,gs://mmm-app-output/benchmarks/dk_benchmark_20260410_040931/dk_context_reduced_supply_geometric_75_90_daily_mixed_by_funnel_clicks
dk_benchmark_20260410_040931,dk_context_reduced_supply_geometric_75_90_weekly_spend_to_clicks,unknown,False,,,gs://mmm-app-output/benchmarks/dk_benchmark_20260410_040931/dk_context_reduced_supply_geometric_75_90_weekly_spend_to_clicks
dk_benchmark_20260410_040931,dk_context_structured_geometric_75_90_daily_mixed_by_funnel_clicks,unknown,False,,,gs://mmm-app-output/benchmarks/dk_benchmark_20260410_040931/dk_context_structured_geometric_75_90_daily_mixed_by_funnel_clicks
dk_benchmark_20260410_040931,dk_context_structured_geometric_75_90_daily_spend_to_clicks,unknown,False,,,gs://mmm-app-output/benchmarks/dk_benchmark_20260410_040931/dk_context_structured_geometric_75_90_daily_spend_to_clicks
dk_benchmark_20260410_040931,dk_context_structured_geometric_75_90_weekly_mixed_by_funnel_clicks,unknown,False,,,gs://mmm-app-output/benchmarks/dk_benchmark_20260410_040931/dk_context_structured_geometric_75_90_weekly_mixed_by_funnel_clicks
dk_benchmark_20260410_040931,dk_context_structured_geometric_75_90_weekly_spend_to_clicks,unknown,False,,,gs://mmm-app-output/benchmarks/dk_benchmark_20260410_040931/dk_context_structured_geometric_75_90_weekly_spend_to_clicks
dk_benchmark_20260410_071931,dk_context_occ30d_reduced_geometric_75_90_daily_mixed_by_funnel_clicks,unknown,False,,,gs://mmm-app-output/benchmarks/dk_benchmark_20260410_071931/dk_context_occ30d_reduced_geometric_75_90_daily_mixed_by_funnel_clicks
dk_benchmark_20260410_071931,dk_context_occ30d_reduced_geometric_75_90_daily_spend_to_clicks,unknown,False,,,gs://mmm-app-output/benchmarks/dk_benchmark_20260410_071931/dk_context_occ30d_reduced_geometric_75_90_daily_spend_to_clicks
dk_benchmark_20260410_071931,dk_context_occ30d_reduced_geometric_75_90_weekly_mixed_by_funnel_clicks,unknown,False,,,gs://mmm-app-output/benchmarks/dk_benchmark_20260410_071931/dk_context_occ30d_reduced_geometric_75_90_weekly_mixed_by_funnel_clicks
dk_benchmark_20260410_071931,dk_context_occ30d_reduced_geometric_75_90_weekly_spend_to_clicks,unknown,False,,,gs://mmm-app-output/benchmarks/dk_benchmark_20260410_071931/dk_context_occ30d_reduced_geometric_75_90_weekly_spend_to_clicks
dk_benchmark_20260410_071931,dk_context_reduced_core_geometric_75_90_daily_mixed_by_funnel_clicks,unknown,False,,,gs://mmm-app-output/benchmarks/dk_benchmark_20260410_071931/dk_context_reduced_core_geometric_75_90_daily_mixed_by_funnel_clicks
dk_benchmark_20260410_071931,dk_context_reduced_core_geometric_75_90_daily_spend_to_clicks,unknown,False,,,gs://mmm-app-output/benchmarks/dk_benchmark_20260410_071931/dk_context_reduced_core_geometric_75_90_daily_spend_to_clicks
dk_benchmark_20260410_071931,dk_context_reduced_core_geometric_75_90_weekly_mixed_by_funnel_clicks,unknown,False,,,gs://mmm-app-output/benchmarks/dk_benchmark_20260410_071931/dk_context_reduced_core_geometric_75_90_weekly_mixed_by_funnel_clicks
dk_benchmark_20260410_071931,dk_context_reduced_core_geometric_75_90_weekly_spend_to_clicks,unknown,False,,,gs://mmm-app-output/benchmarks/dk_benchmark_20260410_071931/dk_context_reduced_core_geometric_75_90_weekly_spend_to_clicks
dk_benchmark_20260410_071931,dk_context_reduced_supply_geometric_75_90_daily_mixed_by_funnel_clicks,unknown,False,,,gs://mmm-app-output/benchmarks/dk_benchmark_20260410_071931/dk_context_reduced_supply_geometric_75_90_daily_mixed_by_funnel_clicks
dk_benchmark_20260410_071931,dk_context_reduced_supply_geometric_75_90_daily_spend_to_clicks,unknown,False,,,gs://mmm-app-output/benchmarks/dk_benchmark_20260410_071931/dk_context_reduced_supply_geometric_75_90_daily_spend_to_clicks
dk_benchmark_20260410_071931,dk_context_reduced_supply_geometric_75_90_weekly_mixed_by_funnel_clicks,unknown,False,,,gs://mmm-app-output/benchmarks/dk_benchmark_20260410_071931/dk_context_reduced_supply_geometric_75_90_weekly_mixed_by_funnel_clicks
dk_benchmark_20260410_071931,dk_context_reduced_supply_geometric_75_90_weekly_spend_to_clicks,unknown,False,,,gs://mmm-app-output/benchmarks/dk_benchmark_20260410_071931/dk_context_reduced_supply_geometric_75_90_weekly_spend_to_clicks
dk_benchmark_20260410_071931,dk_context_structured_geometric_75_90_daily_mixed_by_funnel_clicks,unknown,False,,,gs://mmm-app-output/benchmarks/dk_benchmark_20260410_071931/dk_context_structured_geometric_75_90_daily_mixed_by_funnel_clicks
dk_benchmark_20260410_071931,dk_context_structured_geometric_75_90_daily_spend_to_clicks,unknown,False,,,gs://mmm-app-output/benchmarks/dk_benchmark_20260410_071931/dk_context_structured_geometric_75_90_daily_spend_to_clicks
dk_benchmark_20260410_071931,dk_context_structured_geometric_75_90_weekly_mixed_by_funnel_clicks,unknown,False,,,gs://mmm-app-output/benchmarks/dk_benchmark_20260410_071931/dk_context_structured_geometric_75_90_weekly_mixed_by_funnel_clicks
dk_benchmark_20260410_071931,dk_context_structured_geometric_75_90_weekly_spend_to_clicks,unknown,False,,,gs://mmm-app-output/benchmarks/dk_benchmark_20260410_071931/dk_context_structured_geometric_75_90_weekly_spend_to_clicks
dk_benchmark_20260413_120629,dk_context_occ30d_reduced_geometric_75_90_daily_mixed_by_funnel_clicks,failed,True,,"Error in df$DOW : object of type 'closure' is not subsettable
Calls: ifelse -> %in%
",gs://mmm-app-output/benchmarks/dk_benchmark_20260413_120629/dk_context_occ30d_reduced_geometric_75_90_daily_mixed_by_funnel_clicks
dk_benchmark_20260413_120629,dk_context_occ30d_reduced_geometric_75_90_daily_spend_to_clicks,failed,True,,"Error in df$DOW : object of type 'closure' is not subsettable
Calls: ifelse -> %in%
",gs://mmm-app-output/benchmarks/dk_benchmark_20260413_120629/dk_context_occ30d_reduced_geometric_75_90_daily_spend_to_clicks
dk_benchmark_20260413_120629,dk_context_occ30d_reduced_geometric_75_90_weekly_mixed_by_funnel_clicks,failed,True,,"Error in df$DOW : object of type 'closure' is not subsettable
Calls: ifelse -> %in%
",gs://mmm-app-output/benchmarks/dk_benchmark_20260413_120629/dk_context_occ30d_reduced_geometric_75_90_weekly_mixed_by_funnel_clicks
dk_benchmark_20260413_120629,dk_context_occ30d_reduced_geometric_75_90_weekly_spend_to_clicks,failed,True,,"Error in df$DOW : object of type 'closure' is not subsettable
Calls: ifelse -> %in%
",gs://mmm-app-output/benchmarks/dk_benchmark_20260413_120629/dk_context_occ30d_reduced_geometric_75_90_weekly_spend_to_clicks
dk_benchmark_20260413_120629,dk_context_reduced_core_geometric_75_90_daily_mixed_by_funnel_clicks,failed,True,,"Error in df$DOW : object of type 'closure' is not subsettable
Calls: ifelse -> %in%
",gs://mmm-app-output/benchmarks/dk_benchmark_20260413_120629/dk_context_reduced_core_geometric_75_90_daily_mixed_by_funnel_clicks
dk_benchmark_20260413_120629,dk_context_reduced_core_geometric_75_90_daily_spend_to_clicks,failed,True,,"Error in df$DOW : object of type 'closure' is not subsettable
Calls: ifelse -> %in%
",gs://mmm-app-output/benchmarks/dk_benchmark_20260413_120629/dk_context_reduced_core_geometric_75_90_daily_spend_to_clicks
dk_benchmark_20260413_120629,dk_context_reduced_core_geometric_75_90_weekly_mixed_by_funnel_clicks,failed,True,,"Error in df$DOW : object of type 'closure' is not subsettable
Calls: ifelse -> %in%
",gs://mmm-app-output/benchmarks/dk_benchmark_20260413_120629/dk_context_reduced_core_geometric_75_90_weekly_mixed_by_funnel_clicks
dk_benchmark_20260413_120629,dk_context_reduced_core_geometric_75_90_weekly_spend_to_clicks,failed,True,,"Error in df$DOW : object of type 'closure' is not subsettable
Calls: ifelse -> %in%
",gs://mmm-app-output/benchmarks/dk_benchmark_20260413_120629/dk_context_reduced_core_geometric_75_90_weekly_spend_to_clicks
dk_benchmark_20260413_120629,dk_context_reduced_supply_geometric_75_90_daily_mixed_by_funnel_clicks,failed,True,,"Error in df$DOW : object of type 'closure' is not subsettable
Calls: ifelse -> %in%
",gs://mmm-app-output/benchmarks/dk_benchmark_20260413_120629/dk_context_reduced_supply_geometric_75_90_daily_mixed_by_funnel_clicks
dk_benchmark_20260413_120629,dk_context_reduced_supply_geometric_75_90_daily_spend_to_clicks,failed,True,,"Error in df$DOW : object of type 'closure' is not subsettable
Calls: ifelse -> %in%
",gs://mmm-app-output/benchmarks/dk_benchmark_20260413_120629/dk_context_reduced_supply_geometric_75_90_daily_spend_to_clicks
dk_benchmark_20260413_120629,dk_context_reduced_supply_geometric_75_90_weekly_mixed_by_funnel_clicks,failed,True,,"Error in df$DOW : object of type 'closure' is not subsettable
Calls: ifelse -> %in%
",gs://mmm-app-output/benchmarks/dk_benchmark_20260413_120629/dk_context_reduced_supply_geometric_75_90_weekly_mixed_by_funnel_clicks
dk_benchmark_20260413_120629,dk_context_reduced_supply_geometric_75_90_weekly_spend_to_clicks,failed,True,,"Error in df$DOW : object of type 'closure' is not subsettable
Calls: ifelse -> %in%
",gs://mmm-app-output/benchmarks/dk_benchmark_20260413_120629/dk_context_reduced_supply_geometric_75_90_weekly_spend_to_clicks
dk_benchmark_20260413_120629,dk_context_structured_geometric_75_90_daily_mixed_by_funnel_clicks,failed,True,,"Error in df$DOW : object of type 'closure' is not subsettable
Calls: ifelse -> %in%
",gs://mmm-app-output/benchmarks/dk_benchmark_20260413_120629/dk_context_structured_geometric_75_90_daily_mixed_by_funnel_clicks
dk_benchmark_20260413_120629,dk_context_structured_geometric_75_90_daily_spend_to_clicks,failed,True,,"Error in df$DOW : object of type 'closure' is not subsettable
Calls: ifelse -> %in%
",gs://mmm-app-output/benchmarks/dk_benchmark_20260413_120629/dk_context_structured_geometric_75_90_daily_spend_to_clicks
dk_benchmark_20260413_120629,dk_context_structured_geometric_75_90_weekly_mixed_by_funnel_clicks,failed,True,,"Error in df$DOW : object of type 'closure' is not subsettable
Calls: ifelse -> %in%
",gs://mmm-app-output/benchmarks/dk_benchmark_20260413_120629/dk_context_structured_geometric_75_90_weekly_mixed_by_funnel_clicks
dk_benchmark_20260413_120629,dk_context_structured_geometric_75_90_weekly_spend_to_clicks,failed,True,,"Error in df$DOW : object of type 'closure' is not subsettable
Calls: ifelse -> %in%
",gs://mmm-app-output/benchmarks/dk_benchmark_20260413_120629/dk_context_structured_geometric_75_90_weekly_spend_to_clicks
dk_benchmark_20260413_132239,dk_context_occ30d_reduced_geometric_75_90_daily_mixed_by_funnel_clicks,failed,True,,"Error in df$DOW : object of type 'closure' is not subsettable
Calls: ifelse -> %in%
",gs://mmm-app-output/benchmarks/dk_benchmark_20260413_132239/dk_context_occ30d_reduced_geometric_75_90_daily_mixed_by_funnel_clicks
dk_benchmark_20260413_132239,dk_context_occ30d_reduced_geometric_75_90_daily_spend_to_clicks,failed,True,,"Error in df$DOW : object of type 'closure' is not subsettable
Calls: ifelse -> %in%
",gs://mmm-app-output/benchmarks/dk_benchmark_20260413_132239/dk_context_occ30d_reduced_geometric_75_90_daily_spend_to_clicks
dk_benchmark_20260413_132239,dk_context_occ30d_reduced_geometric_75_90_weekly_mixed_by_funnel_clicks,failed,True,,"Error in df$DOW : object of type 'closure' is not subsettable
Calls: ifelse -> %in%
",gs://mmm-app-output/benchmarks/dk_benchmark_20260413_132239/dk_context_occ30d_reduced_geometric_75_90_weekly_mixed_by_funnel_clicks
dk_benchmark_20260413_132239,dk_context_occ30d_reduced_geometric_75_90_weekly_spend_to_clicks,failed,True,,"Error in df$DOW : object of type 'closure' is not subsettable
Calls: ifelse -> %in%
",gs://mmm-app-output/benchmarks/dk_benchmark_20260413_132239/dk_context_occ30d_reduced_geometric_75_90_weekly_spend_to_clicks
dk_benchmark_20260413_132239,dk_context_reduced_core_geometric_75_90_daily_mixed_by_funnel_clicks,failed,True,,"Error in df$DOW : object of type 'closure' is not subsettable
Calls: ifelse -> %in%
",gs://mmm-app-output/benchmarks/dk_benchmark_20260413_132239/dk_context_reduced_core_geometric_75_90_daily_mixed_by_funnel_clicks
dk_benchmark_20260413_132239,dk_context_reduced_core_geometric_75_90_daily_spend_to_clicks,failed,True,,"Error in df$DOW : object of type 'closure' is not subsettable
Calls: ifelse -> %in%
",gs://mmm-app-output/benchmarks/dk_benchmark_20260413_132239/dk_context_reduced_core_geometric_75_90_daily_spend_to_clicks
dk_benchmark_20260413_132239,dk_context_reduced_core_geometric_75_90_weekly_mixed_by_funnel_clicks,failed,True,,"Error in df$DOW : object of type 'closure' is not subsettable
Calls: ifelse -> %in%
",gs://mmm-app-output/benchmarks/dk_benchmark_20260413_132239/dk_context_reduced_core_geometric_75_90_weekly_mixed_by_funnel_clicks
dk_benchmark_20260413_132239,dk_context_reduced_core_geometric_75_90_weekly_spend_to_clicks,failed,True,,"Error in df$DOW : object of type 'closure' is not subsettable
Calls: ifelse -> %in%
",gs://mmm-app-output/benchmarks/dk_benchmark_20260413_132239/dk_context_reduced_core_geometric_75_90_weekly_spend_to_clicks
dk_benchmark_20260413_132239,dk_context_reduced_supply_geometric_75_90_daily_mixed_by_funnel_clicks,failed,True,,"Error in df$DOW : object of type 'closure' is not subsettable
Calls: ifelse -> %in%
",gs://mmm-app-output/benchmarks/dk_benchmark_20260413_132239/dk_context_reduced_supply_geometric_75_90_daily_mixed_by_funnel_clicks
dk_benchmark_20260413_132239,dk_context_reduced_supply_geometric_75_90_daily_spend_to_clicks,failed,True,,"Error in df$DOW : object of type 'closure' is not subsettable
Calls: ifelse -> %in%
",gs://mmm-app-output/benchmarks/dk_benchmark_20260413_132239/dk_context_reduced_supply_geometric_75_90_daily_spend_to_clicks
dk_benchmark_20260413_132239,dk_context_reduced_supply_geometric_75_90_weekly_mixed_by_funnel_clicks,failed,True,,"Error in df$DOW : object of type 'closure' is not subsettable
Calls: ifelse -> %in%
",gs://mmm-app-output/benchmarks/dk_benchmark_20260413_132239/dk_context_reduced_supply_geometric_75_90_weekly_mixed_by_funnel_clicks
dk_benchmark_20260413_132239,dk_context_reduced_supply_geometric_75_90_weekly_spend_to_clicks,failed,True,,"Error in df$DOW : object of type 'closure' is not subsettable
Calls: ifelse -> %in%
",gs://mmm-app-output/benchmarks/dk_benchmark_20260413_132239/dk_context_reduced_supply_geometric_75_90_weekly_spend_to_clicks
dk_benchmark_20260413_132239,dk_context_structured_geometric_75_90_daily_mixed_by_funnel_clicks,failed,True,,"Error in df$DOW : object of type 'closure' is not subsettable
Calls: ifelse -> %in%
",gs://mmm-app-output/benchmarks/dk_benchmark_20260413_132239/dk_context_structured_geometric_75_90_daily_mixed_by_funnel_clicks
dk_benchmark_20260413_132239,dk_context_structured_geometric_75_90_daily_spend_to_clicks,failed,True,,"Error in df$DOW : object of type 'closure' is not subsettable
Calls: ifelse -> %in%
",gs://mmm-app-output/benchmarks/dk_benchmark_20260413_132239/dk_context_structured_geometric_75_90_daily_spend_to_clicks
dk_benchmark_20260413_132239,dk_context_structured_geometric_75_90_weekly_mixed_by_funnel_clicks,failed,True,,"Error in df$DOW : object of type 'closure' is not subsettable
Calls: ifelse -> %in%
",gs://mmm-app-output/benchmarks/dk_benchmark_20260413_132239/dk_context_structured_geometric_75_90_weekly_mixed_by_funnel_clicks
dk_benchmark_20260413_132239,dk_context_structured_geometric_75_90_weekly_spend_to_clicks,failed,True,,"Error in df$DOW : object of type 'closure' is not subsettable
Calls: ifelse -> %in%
",gs://mmm-app-output/benchmarks/dk_benchmark_20260413_132239/dk_context_structured_geometric_75_90_weekly_spend_to_clicks
dk_benchmark_20260413_174043,dk_context_occ30d_reduced_geometric_75_90_daily_mixed_by_funnel_clicks,unknown,False,,,gs://mmm-app-output/benchmarks/dk_benchmark_20260413_174043/dk_context_occ30d_reduced_geometric_75_90_daily_mixed_by_funnel_clicks
dk_benchmark_20260413_174043,dk_context_occ30d_reduced_geometric_75_90_daily_spend_to_clicks,unknown,False,,,gs://mmm-app-output/benchmarks/dk_benchmark_20260413_174043/dk_context_occ30d_reduced_geometric_75_90_daily_spend_to_clicks
dk_benchmark_20260413_174043,dk_context_occ30d_reduced_geometric_75_90_weekly_mixed_by_funnel_clicks,unknown,False,,,gs://mmm-app-output/benchmarks/dk_benchmark_20260413_174043/dk_context_occ30d_reduced_geometric_75_90_weekly_mixed_by_funnel_clicks
dk_benchmark_20260413_174043,dk_context_occ30d_reduced_geometric_75_90_weekly_spend_to_clicks,unknown,False,,,gs://mmm-app-output/benchmarks/dk_benchmark_20260413_174043/dk_context_occ30d_reduced_geometric_75_90_weekly_spend_to_clicks
dk_benchmark_20260413_174043,dk_context_reduced_core_geometric_75_90_daily_mixed_by_funnel_clicks,unknown,False,,,gs://mmm-app-output/benchmarks/dk_benchmark_20260413_174043/dk_context_reduced_core_geometric_75_90_daily_mixed_by_funnel_clicks
dk_benchmark_20260413_174043,dk_context_reduced_core_geometric_75_90_daily_spend_to_clicks,unknown,False,,,gs://mmm-app-output/benchmarks/dk_benchmark_20260413_174043/dk_context_reduced_core_geometric_75_90_daily_spend_to_clicks
dk_benchmark_20260413_174043,dk_context_reduced_core_geometric_75_90_weekly_mixed_by_funnel_clicks,unknown,False,,,gs://mmm-app-output/benchmarks/dk_benchmark_20260413_174043/dk_context_reduced_core_geometric_75_90_weekly_mixed_by_funnel_clicks
dk_benchmark_20260413_174043,dk_context_reduced_core_geometric_75_90_weekly_spend_to_clicks,unknown,False,,,gs://mmm-app-output/benchmarks/dk_benchmark_20260413_174043/dk_context_reduced_core_geometric_75_90_weekly_spend_to_clicks
dk_benchmark_20260413_174043,dk_context_reduced_supply_geometric_75_90_daily_mixed_by_funnel_clicks,unknown,False,,,gs://mmm-app-output/benchmarks/dk_benchmark_20260413_174043/dk_context_reduced_supply_geometric_75_90_daily_mixed_by_funnel_clicks
dk_benchmark_20260413_174043,dk_context_reduced_supply_geometric_75_90_daily_spend_to_clicks,unknown,False,,,gs://mmm-app-output/benchmarks/dk_benchmark_20260413_174043/dk_context_reduced_supply_geometric_75_90_daily_spend_to_clicks
dk_benchmark_20260413_174043,dk_context_reduced_supply_geometric_75_90_weekly_mixed_by_funnel_clicks,unknown,False,,,gs://mmm-app-output/benchmarks/dk_benchmark_20260413_174043/dk_context_reduced_supply_geometric_75_90_weekly_mixed_by_funnel_clicks
dk_benchmark_20260413_174043,dk_context_reduced_supply_geometric_75_90_weekly_spend_to_clicks,unknown,False,,,gs://mmm-app-output/benchmarks/dk_benchmark_20260413_174043/dk_context_reduced_supply_geometric_75_90_weekly_spend_to_clicks
dk_benchmark_20260413_174043,dk_context_structured_geometric_75_90_daily_mixed_by_funnel_clicks,unknown,False,,,gs://mmm-app-output/benchmarks/dk_benchmark_20260413_174043/dk_context_structured_geometric_75_90_daily_mixed_by_funnel_clicks
dk_benchmark_20260413_174043,dk_context_structured_geometric_75_90_daily_spend_to_clicks,unknown,False,,,gs://mmm-app-output/benchmarks/dk_benchmark_20260413_174043/dk_context_structured_geometric_75_90_daily_spend_to_clicks
dk_benchmark_20260413_174043,dk_context_structured_geometric_75_90_weekly_mixed_by_funnel_clicks,unknown,False,,,gs://mmm-app-output/benchmarks/dk_benchmark_20260413_174043/dk_context_structured_geometric_75_90_weekly_mixed_by_funnel_clicks
dk_benchmark_20260413_174043,dk_context_structured_geometric_75_90_weekly_spend_to_clicks,unknown,False,,,gs://mmm-app-output/benchmarks/dk_benchmark_20260413_174043/dk_context_structured_geometric_75_90_weekly_spend_to_clicks
dk_benchmark_20260413_181253,dk_context_occ30d_reduced_geometric_75_90_daily_mixed_by_funnel_clicks,unknown,False,,,gs://mmm-app-output/benchmarks/dk_benchmark_20260413_181253/dk_context_occ30d_reduced_geometric_75_90_daily_mixed_by_funnel_clicks
dk_benchmark_20260413_181253,dk_context_occ30d_reduced_geometric_75_90_weekly_mixed_by_funnel_clicks,unknown,False,,,gs://mmm-app-output/benchmarks/dk_benchmark_20260413_181253/dk_context_occ30d_reduced_geometric_75_90_weekly_mixed_by_funnel_clicks
dk_benchmark_20260413_181253,dk_context_occ30d_reduced_geometric_75_90_weekly_spend_to_clicks,unknown,False,,,gs://mmm-app-output/benchmarks/dk_benchmark_20260413_181253/dk_context_occ30d_reduced_geometric_75_90_weekly_spend_to_clicks
dk_benchmark_20260413_181253,dk_context_reduced_core_geometric_75_90_daily_mixed_by_funnel_clicks,unknown,False,,,gs://mmm-app-output/benchmarks/dk_benchmark_20260413_181253/dk_context_reduced_core_geometric_75_90_daily_mixed_by_funnel_clicks
dk_benchmark_20260413_181253,dk_context_reduced_core_geometric_75_90_weekly_mixed_by_funnel_clicks,unknown,False,,,gs://mmm-app-output/benchmarks/dk_benchmark_20260413_181253/dk_context_reduced_core_geometric_75_90_weekly_mixed_by_funnel_clicks
dk_benchmark_20260413_181253,dk_context_reduced_core_geometric_75_90_weekly_spend_to_clicks,unknown,False,,,gs://mmm-app-output/benchmarks/dk_benchmark_20260413_181253/dk_context_reduced_core_geometric_75_90_weekly_spend_to_clicks
dk_benchmark_20260413_181253,dk_context_reduced_supply_geometric_75_90_daily_spend_to_clicks,unknown,False,,,gs://mmm-app-output/benchmarks/dk_benchmark_20260413_181253/dk_context_reduced_supply_geometric_75_90_daily_spend_to_clicks
dk_benchmark_20260413_181253,dk_context_reduced_supply_geometric_75_90_weekly_mixed_by_funnel_clicks,unknown,False,,,gs://mmm-app-output/benchmarks/dk_benchmark_20260413_181253/dk_context_reduced_supply_geometric_75_90_weekly_mixed_by_funnel_clicks
dk_benchmark_20260413_181253,dk_context_reduced_supply_geometric_75_90_weekly_spend_to_clicks,unknown,False,,,gs://mmm-app-output/benchmarks/dk_benchmark_20260413_181253/dk_context_reduced_supply_geometric_75_90_weekly_spend_to_clicks
dk_benchmark_20260413_181253,dk_context_structured_geometric_75_90_daily_mixed_by_funnel_clicks,unknown,False,,,gs://mmm-app-output/benchmarks/dk_benchmark_20260413_181253/dk_context_structured_geometric_75_90_daily_mixed_by_funnel_clicks
dk_benchmark_20260413_181253,dk_context_structured_geometric_75_90_weekly_mixed_by_funnel_clicks,unknown,False,,,gs://mmm-app-output/benchmarks/dk_benchmark_20260413_181253/dk_context_structured_geometric_75_90_weekly_mixed_by_funnel_clicks
dk_benchmark_20260413_181253,dk_context_structured_geometric_75_90_weekly_spend_to_clicks,unknown,False,,,gs://mmm-app-output/benchmarks/dk_benchmark_20260413_181253/dk_context_structured_geometric_75_90_weekly_spend_to_clicks
dk_benchmark_20260413_181253,dk_final_with_tv_geometric_75_90_daily_mixed_by_funnel_clicks,unknown,False,,,gs://mmm-app-output/benchmarks/dk_benchmark_20260413_181253/dk_final_with_tv_geometric_75_90_daily_mixed_by_funnel_clicks
dk_benchmark_20260413_181253,dk_final_with_tv_geometric_75_90_daily_spend_to_clicks,unknown,False,,,gs://mmm-app-output/benchmarks/dk_benchmark_20260413_181253/dk_final_with_tv_geometric_75_90_daily_spend_to_clicks
dk_benchmark_20260413_181253,dk_final_with_tv_geometric_75_90_weekly_mixed_by_funnel_clicks,unknown,False,,,gs://mmm-app-output/benchmarks/dk_benchmark_20260413_181253/dk_final_with_tv_geometric_75_90_weekly_mixed_by_funnel_clicks
dk_benchmark_20260413_181253,dk_final_with_tv_geometric_75_90_weekly_spend_to_clicks,unknown,False,,,gs://mmm-app-output/benchmarks/dk_benchmark_20260413_181253/dk_final_with_tv_geometric_75_90_weekly_spend_to_clicks
dk_benchmark_20260413_184429,dk_context_occ30d_reduced_geometric_75_90_daily_mixed_by_funnel_clicks,unknown,False,,,gs://mmm-app-output/benchmarks/dk_benchmark_20260413_184429/dk_context_occ30d_reduced_geometric_75_90_daily_mixed_by_funnel_clicks
dk_benchmark_20260413_184429,dk_context_occ30d_reduced_geometric_75_90_weekly_mixed_by_funnel_clicks,unknown,False,,,gs://mmm-app-output/benchmarks/dk_benchmark_20260413_184429/dk_context_occ30d_reduced_geometric_75_90_weekly_mixed_by_funnel_clicks
dk_benchmark_20260413_184429,dk_context_occ30d_reduced_geometric_75_90_weekly_spend_to_clicks,unknown,False,,,gs://mmm-app-output/benchmarks/dk_benchmark_20260413_184429/dk_context_occ30d_reduced_geometric_75_90_weekly_spend_to_clicks
dk_benchmark_20260413_184429,dk_context_reduced_core_geometric_75_90_daily_mixed_by_funnel_clicks,unknown,False,,,gs://mmm-app-output/benchmarks/dk_benchmark_20260413_184429/dk_context_reduced_core_geometric_75_90_daily_mixed_by_funnel_clicks
dk_benchmark_20260413_184429,dk_context_reduced_core_geometric_75_90_weekly_mixed_by_funnel_clicks,unknown,False,,,gs://mmm-app-output/benchmarks/dk_benchmark_20260413_184429/dk_context_reduced_core_geometric_75_90_weekly_mixed_by_funnel_clicks
dk_benchmark_20260413_184429,dk_context_reduced_core_geometric_75_90_weekly_spend_to_clicks,unknown,False,,,gs://mmm-app-output/benchmarks/dk_benchmark_20260413_184429/dk_context_reduced_core_geometric_75_90_weekly_spend_to_clicks
dk_benchmark_20260413_184429,dk_context_reduced_supply_geometric_75_90_daily_mixed_by_funnel_clicks,unknown,False,,,gs://mmm-app-output/benchmarks/dk_benchmark_20260413_184429/dk_context_reduced_supply_geometric_75_90_daily_mixed_by_funnel_clicks
dk_benchmark_20260413_184429,dk_context_reduced_supply_geometric_75_90_daily_spend_to_clicks,unknown,False,,,gs://mmm-app-output/benchmarks/dk_benchmark_20260413_184429/dk_context_reduced_supply_geometric_75_90_daily_spend_to_clicks
dk_benchmark_20260413_184429,dk_context_reduced_supply_geometric_75_90_weekly_mixed_by_funnel_clicks,unknown,False,,,gs://mmm-app-output/benchmarks/dk_benchmark_20260413_184429/dk_context_reduced_supply_geometric_75_90_weekly_mixed_by_funnel_clicks
dk_benchmark_20260413_184429,dk_context_reduced_supply_geometric_75_90_weekly_spend_to_clicks,unknown,False,,,gs://mmm-app-output/benchmarks/dk_benchmark_20260413_184429/dk_context_reduced_supply_geometric_75_90_weekly_spend_to_clicks
dk_benchmark_20260413_184429,dk_context_structured_geometric_75_90_daily_mixed_by_funnel_clicks,unknown,False,,,gs://mmm-app-output/benchmarks/dk_benchmark_20260413_184429/dk_context_structured_geometric_75_90_daily_mixed_by_funnel_clicks
dk_benchmark_20260413_184429,dk_context_structured_geometric_75_90_daily_spend_to_clicks,unknown,False,,,gs://mmm-app-output/benchmarks/dk_benchmark_20260413_184429/dk_context_structured_geometric_75_90_daily_spend_to_clicks
dk_benchmark_20260413_184429,dk_context_structured_geometric_75_90_weekly_mixed_by_funnel_clicks,unknown,False,,,gs://mmm-app-output/benchmarks/dk_benchmark_20260413_184429/dk_context_structured_geometric_75_90_weekly_mixed_by_funnel_clicks
dk_benchmark_20260413_184429,dk_context_structured_geometric_75_90_weekly_spend_to_clicks,unknown,False,,,gs://mmm-app-output/benchmarks/dk_benchmark_20260413_184429/dk_context_structured_geometric_75_90_weekly_spend_to_clicks
dk_benchmark_20260413_184429,dk_final_with_tv_geometric_75_90_daily_mixed_by_funnel_clicks,unknown,False,,,gs://mmm-app-output/benchmarks/dk_benchmark_20260413_184429/dk_final_with_tv_geometric_75_90_daily_mixed_by_funnel_clicks
dk_benchmark_20260413_184429,dk_final_with_tv_geometric_75_90_daily_spend_to_clicks,unknown,False,,,gs://mmm-app-output/benchmarks/dk_benchmark_20260413_184429/dk_final_with_tv_geometric_75_90_daily_spend_to_clicks
dk_benchmark_20260413_184429,dk_final_with_tv_geometric_75_90_weekly_mixed_by_funnel_clicks,unknown,False,,,gs://mmm-app-output/benchmarks/dk_benchmark_20260413_184429/dk_final_with_tv_geometric_75_90_weekly_mixed_by_funnel_clicks
dk_benchmark_20260413_184429,dk_final_with_tv_geometric_75_90_weekly_spend_to_clicks,unknown,False,,,gs://mmm-app-output/benchmarks/dk_benchmark_20260413_184429/dk_final_with_tv_geometric_75_90_weekly_spend_to_clicks
dk_benchmark_20260414_070120,dk_context_occ30d_reduced_geometric_75_90_weekly_mixed_by_funnel_clicks,unknown,False,,,gs://mmm-app-output/benchmarks/dk_benchmark_20260414_070120/dk_context_occ30d_reduced_geometric_75_90_weekly_mixed_by_funnel_clicks
dk_benchmark_20260414_070120,dk_context_occ30d_reduced_geometric_75_90_weekly_spend_to_clicks,unknown,False,,,gs://mmm-app-output/benchmarks/dk_benchmark_20260414_070120/dk_context_occ30d_reduced_geometric_75_90_weekly_spend_to_clicks
dk_benchmark_20260414_070120,dk_context_reduced_core_geometric_75_90_weekly_spend_to_clicks,unknown,False,,,gs://mmm-app-output/benchmarks/dk_benchmark_20260414_070120/dk_context_reduced_core_geometric_75_90_weekly_spend_to_clicks
dk_benchmark_20260414_070120,dk_context_reduced_supply_geometric_75_90_weekly_mixed_by_funnel_clicks,unknown,False,,,gs://mmm-app-output/benchmarks/dk_benchmark_20260414_070120/dk_context_reduced_supply_geometric_75_90_weekly_mixed_by_funnel_clicks
dk_benchmark_20260414_070120,dk_context_structured_geometric_75_90_daily_mixed_by_funnel_clicks,unknown,False,,,gs://mmm-app-output/benchmarks/dk_benchmark_20260414_070120/dk_context_structured_geometric_75_90_daily_mixed_by_funnel_clicks
dk_benchmark_20260414_070120,dk_final_with_tv_geometric_75_90_weekly_mixed_by_funnel_clicks,unknown,False,,,gs://mmm-app-output/benchmarks/dk_benchmark_20260414_070120/dk_final_with_tv_geometric_75_90_weekly_mixed_by_funnel_clicks
dk_benchmark_20260414_070120,dk_final_with_tv_geometric_75_90_weekly_spend_to_clicks,unknown,False,,,gs://mmm-app-output/benchmarks/dk_benchmark_20260414_070120/dk_final_with_tv_geometric_75_90_weekly_spend_to_clicks
dk_benchmark_20260414_113034,dk_context_occ30d_reduced_geometric_75_90_daily_spend_to_clicks,unknown,False,,,gs://mmm-app-output/benchmarks/dk_benchmark_20260414_113034/dk_context_occ30d_reduced_geometric_75_90_daily_spend_to_clicks
dk_benchmark_20260414_113034,dk_context_occ30d_reduced_geometric_75_90_weekly_mixed_by_funnel_clicks,unknown,False,,,gs://mmm-app-output/benchmarks/dk_benchmark_20260414_113034/dk_context_occ30d_reduced_geometric_75_90_weekly_mixed_by_funnel_clicks
dk_benchmark_20260414_113034,dk_context_occ30d_reduced_geometric_75_90_weekly_spend_to_clicks,unknown,False,,,gs://mmm-app-output/benchmarks/dk_benchmark_20260414_113034/dk_context_occ30d_reduced_geometric_75_90_weekly_spend_to_clicks
dk_benchmark_20260414_113034,dk_context_reduced_core_geometric_75_90_daily_mixed_by_funnel_clicks,unknown,False,,,gs://mmm-app-output/benchmarks/dk_benchmark_20260414_113034/dk_context_reduced_core_geometric_75_90_daily_mixed_by_funnel_clicks
dk_benchmark_20260414_113034,dk_context_reduced_core_geometric_75_90_daily_spend_to_clicks,unknown,False,,,gs://mmm-app-output/benchmarks/dk_benchmark_20260414_113034/dk_context_reduced_core_geometric_75_90_daily_spend_to_clicks
dk_benchmark_20260414_113034,dk_context_reduced_core_geometric_75_90_weekly_mixed_by_funnel_clicks,unknown,False,,,gs://mmm-app-output/benchmarks/dk_benchmark_20260414_113034/dk_context_reduced_core_geometric_75_90_weekly_mixed_by_funnel_clicks
dk_benchmark_20260414_113034,dk_context_reduced_core_geometric_75_90_weekly_spend_to_clicks,unknown,False,,,gs://mmm-app-output/benchmarks/dk_benchmark_20260414_113034/dk_context_reduced_core_geometric_75_90_weekly_spend_to_clicks
dk_benchmark_20260414_113034,dk_context_reduced_supply_geometric_75_90_daily_mixed_by_funnel_clicks,unknown,False,,,gs://mmm-app-output/benchmarks/dk_benchmark_20260414_113034/dk_context_reduced_supply_geometric_75_90_daily_mixed_by_funnel_clicks
dk_benchmark_20260414_113034,dk_context_reduced_supply_geometric_75_90_daily_spend_to_clicks,unknown,False,,,gs://mmm-app-output/benchmarks/dk_benchmark_20260414_113034/dk_context_reduced_supply_geometric_75_90_daily_spend_to_clicks
dk_benchmark_20260414_113034,dk_context_reduced_supply_geometric_75_90_weekly_spend_to_clicks,unknown,False,,,gs://mmm-app-output/benchmarks/dk_benchmark_20260414_113034/dk_context_reduced_supply_geometric_75_90_weekly_spend_to_clicks
dk_benchmark_20260414_113034,dk_context_structured_geometric_75_90_daily_mixed_by_funnel_clicks,unknown,False,,,gs://mmm-app-output/benchmarks/dk_benchmark_20260414_113034/dk_context_structured_geometric_75_90_daily_mixed_by_funnel_clicks
dk_benchmark_20260414_113034,dk_context_structured_geometric_75_90_daily_spend_to_clicks,unknown,False,,,gs://mmm-app-output/benchmarks/dk_benchmark_20260414_113034/dk_context_structured_geometric_75_90_daily_spend_to_clicks
dk_benchmark_20260414_113034,dk_context_structured_geometric_75_90_weekly_mixed_by_funnel_clicks,unknown,False,,,gs://mmm-app-output/benchmarks/dk_benchmark_20260414_113034/dk_context_structured_geometric_75_90_weekly_mixed_by_funnel_clicks
dk_benchmark_20260414_113034,dk_context_structured_geometric_75_90_weekly_spend_to_clicks,unknown,False,,,gs://mmm-app-output/benchmarks/dk_benchmark_20260414_113034/dk_context_structured_geometric_75_90_weekly_spend_to_clicks
dk_benchmark_20260414_113034,dk_final_with_tv_geometric_75_90_daily_mixed_by_funnel_clicks,failed,False,,"Error: length(paid_media_spends) == length(paid_media_vars) is not TRUE
",gs://mmm-app-output/benchmarks/dk_benchmark_20260414_113034/dk_final_with_tv_geometric_75_90_daily_mixed_by_funnel_clicks
dk_benchmark_20260414_113034,dk_final_with_tv_geometric_75_90_daily_spend_to_clicks,failed,False,,"Error: length(paid_media_spends) == length(paid_media_vars) is not TRUE
",gs://mmm-app-output/benchmarks/dk_benchmark_20260414_113034/dk_final_with_tv_geometric_75_90_daily_spend_to_clicks
dk_benchmark_20260414_113034,dk_final_with_tv_geometric_75_90_weekly_mixed_by_funnel_clicks,failed,False,,"Error: length(paid_media_spends) == length(paid_media_vars) is not TRUE
",gs://mmm-app-output/benchmarks/dk_benchmark_20260414_113034/dk_final_with_tv_geometric_75_90_weekly_mixed_by_funnel_clicks
dk_benchmark_20260414_113034,dk_final_with_tv_geometric_75_90_weekly_spend_to_clicks,failed,False,,"Error: length(paid_media_spends) == length(paid_media_vars) is not TRUE
",gs://mmm-app-output/benchmarks/dk_benchmark_20260414_113034/dk_final_with_tv_geometric_75_90_weekly_spend_to_clicks
dk_benchmark_20260414_205307,dk_context_occ30d_reduced_geometric_75_90_weekly_mixed_by_funnel_clicks,unknown,False,,,gs://mmm-app-output/benchmarks/dk_benchmark_20260414_205307/dk_context_occ30d_reduced_geometric_75_90_weekly_mixed_by_funnel_clicks
dk_benchmark_20260414_205307,dk_context_reduced_core_geometric_75_90_weekly_mixed_by_funnel_clicks,unknown,False,,,gs://mmm-app-output/benchmarks/dk_benchmark_20260414_205307/dk_context_reduced_core_geometric_75_90_weekly_mixed_by_funnel_clicks
dk_benchmark_20260414_205307,dk_context_reduced_core_geometric_75_90_weekly_spend_to_clicks,unknown,False,,,gs://mmm-app-output/benchmarks/dk_benchmark_20260414_205307/dk_context_reduced_core_geometric_75_90_weekly_spend_to_clicks
dk_benchmark_20260414_205307,dk_context_reduced_supply_geometric_75_90_daily_spend_to_clicks,unknown,False,,,gs://mmm-app-output/benchmarks/dk_benchmark_20260414_205307/dk_context_reduced_supply_geometric_75_90_daily_spend_to_clicks
dk_benchmark_20260414_205307,dk_context_reduced_supply_geometric_75_90_weekly_mixed_by_funnel_clicks,unknown,False,,,gs://mmm-app-output/benchmarks/dk_benchmark_20260414_205307/dk_context_reduced_supply_geometric_75_90_weekly_mixed_by_funnel_clicks
dk_benchmark_20260414_205307,dk_context_reduced_supply_geometric_75_90_weekly_spend_to_clicks,unknown,False,,,gs://mmm-app-output/benchmarks/dk_benchmark_20260414_205307/dk_context_reduced_supply_geometric_75_90_weekly_spend_to_clicks
dk_benchmark_20260414_205307,dk_context_structured_geometric_75_90_daily_mixed_by_funnel_clicks,unknown,False,,,gs://mmm-app-output/benchmarks/dk_benchmark_20260414_205307/dk_context_structured_geometric_75_90_daily_mixed_by_funnel_clicks
dk_benchmark_20260414_205307,dk_context_structured_geometric_75_90_weekly_mixed_by_funnel_clicks,unknown,False,,,gs://mmm-app-output/benchmarks/dk_benchmark_20260414_205307/dk_context_structured_geometric_75_90_weekly_mixed_by_funnel_clicks
dk_benchmark_20260414_205307,dk_context_structured_geometric_75_90_weekly_spend_to_clicks,unknown,False,,,gs://mmm-app-output/benchmarks/dk_benchmark_20260414_205307/dk_context_structured_geometric_75_90_weekly_spend_to_clicks
dk_benchmark_20260414_205307,dk_final_with_tv_geometric_75_90_daily_mixed_by_funnel_clicks,failed,False,,"Error: length(paid_media_spends) == length(paid_media_vars) is not TRUE
",gs://mmm-app-output/benchmarks/dk_benchmark_20260414_205307/dk_final_with_tv_geometric_75_90_daily_mixed_by_funnel_clicks
dk_benchmark_20260414_205307,dk_final_with_tv_geometric_75_90_daily_spend_to_clicks,failed,False,,"Error: length(paid_media_spends) == length(paid_media_vars) is not TRUE
",gs://mmm-app-output/benchmarks/dk_benchmark_20260414_205307/dk_final_with_tv_geometric_75_90_daily_spend_to_clicks
dk_benchmark_20260414_205307,dk_final_with_tv_geometric_75_90_weekly_mixed_by_funnel_clicks,failed,False,,"Error: length(paid_media_spends) == length(paid_media_vars) is not TRUE
",gs://mmm-app-output/benchmarks/dk_benchmark_20260414_205307/dk_final_with_tv_geometric_75_90_weekly_mixed_by_funnel_clicks
dk_benchmark_20260414_205307,dk_final_with_tv_geometric_75_90_weekly_spend_to_clicks,failed,False,,"Error: length(paid_media_spends) == length(paid_media_vars) is not TRUE
",gs://mmm-app-output/benchmarks/dk_benchmark_20260414_205307/dk_final_with_tv_geometric_75_90_weekly_spend_to_clicks
my_benchmark_id,my_prefix_geometric_75_90_daily_mixed_by_funnel_clicks,failed,False,,"Error in value[[3L]](cond) : 
  FATAL: Training data not found at 'gs://mmm-app-output/mapped-datasets/dk/20260410_152635/raw.parquet'. Please re-map your data in the Streamlit app to upload a fresh parquet, then resubmit the job. Original error: http_404 Unspecified error
Calls: tryCatch -> tryCatchList -> tryCatchOne -> <Anonymous>
",gs://mmm-app-output/benchmarks/my_benchmark_id/my_prefix_geometric_75_90_daily_mixed_by_funnel_clicks
my_benchmark_id,my_prefix_geometric_75_90_daily_spend_to_clicks,failed,False,,"Error in value[[3L]](cond) : 
  FATAL: Training data not found at 'gs://mmm-app-output/mapped-datasets/dk/20260410_152635/raw.parquet'. Please re-map your data in the Streamlit app to upload a fresh parquet, then resubmit the job. Original error: http_404 Unspecified error
Calls: tryCatch -> tryCatchList -> tryCatchOne -> <Anonymous>
",gs://mmm-app-output/benchmarks/my_benchmark_id/my_prefix_geometric_75_90_daily_spend_to_clicks
my_benchmark_id,my_prefix_geometric_75_90_weekly_mixed_by_funnel_clicks,failed,False,,"Error in value[[3L]](cond) : 
  FATAL: Training data not found at 'gs://mmm-app-output/mapped-datasets/dk/20260410_152635/raw.parquet'. Please re-map your data in the Streamlit app to upload a fresh parquet, then resubmit the job. Original error: http_404 Unspecified error
Calls: tryCatch -> tryCatchList -> tryCatchOne -> <Anonymous>
",gs://mmm-app-output/benchmarks/my_benchmark_id/my_prefix_geometric_75_90_weekly_mixed_by_funnel_clicks
my_benchmark_id,my_prefix_geometric_75_90_weekly_spend_to_clicks,failed,False,,"Error in value[[3L]](cond) : 
  FATAL: Training data not found at 'gs://mmm-app-output/mapped-datasets/dk/20260410_152635/raw.parquet'. Please re-map your data in the Streamlit app to upload a fresh parquet, then resubmit the job. Original error: http_404 Unspecified error
Calls: tryCatch -> tryCatchList -> tryCatchOne -> <Anonymous>
",gs://mmm-app-output/benchmarks/my_benchmark_id/my_prefix_geometric_75_90_weekly_spend_to_clicks
spend_var_mapping_20260303_090816_testall,mixed_by_funnel,failed,True,,"Error in df$DOW : object of type 'closure' is not subsettable
Calls: ifelse -> %in%
",gs://mmm-app-output/benchmarks/spend_var_mapping_20260303_090816_testall/mixed_by_funnel
spend_var_mapping_20260303_090816_testall,spend_to_proxy,failed,True,,"Error in df$DOW : object of type 'closure' is not subsettable
Calls: ifelse -> %in%
",gs://mmm-app-output/benchmarks/spend_var_mapping_20260303_090816_testall/spend_to_proxy
spend_var_mapping_20260303_090816_testall,spend_to_spend,failed,True,,"Error in df$DOW : object of type 'closure' is not subsettable
Calls: ifelse -> %in%
",gs://mmm-app-output/benchmarks/spend_var_mapping_20260303_090816_testall/spend_to_spend
time_aggregation_20260303_090817_testall,daily,failed,True,,"Error in df$DOW : object of type 'closure' is not subsettable
Calls: ifelse -> %in%
",gs://mmm-app-output/benchmarks/time_aggregation_20260303_090817_testall/daily
time_aggregation_20260303_090817_testall,weekly,failed,True,,"Error in df$DOW : object of type 'closure' is not subsettable
Calls: ifelse -> %in%
",gs://mmm-app-output/benchmarks/time_aggregation_20260303_090817_testall/weekly
train_val_test_splits_20260303_090815_testall,60_85,failed,True,,"Error in df$DOW : object of type 'closure' is not subsettable
Calls: ifelse -> %in%
",gs://mmm-app-output/benchmarks/train_val_test_splits_20260303_090815_testall/60_85
train_val_test_splits_20260303_090815_testall,65_80,failed,True,,"Error in df$DOW : object of type 'closure' is not subsettable
Calls: ifelse -> %in%
",gs://mmm-app-output/benchmarks/train_val_test_splits_20260303_090815_testall/65_80
train_val_test_splits_20260303_090815_testall,70_90,failed,True,,"Error in df$DOW : object of type 'closure' is not subsettable
Calls: ifelse -> %in%
",gs://mmm-app-output/benchmarks/train_val_test_splits_20260303_090815_testall/70_90
train_val_test_splits_20260303_090815_testall,70_95,failed,True,,"Error in df$DOW : object of type 'closure' is not subsettable
Calls: ifelse -> %in%
",gs://mmm-app-output/benchmarks/train_val_test_splits_20260303_090815_testall/70_95
train_val_test_splits_20260303_090815_testall,75_90,failed,True,,"Error in df$DOW : object of type 'closure' is not subsettable
Calls: ifelse -> %in%
",gs://mmm-app-output/benchmarks/train_val_test_splits_20260303_090815_testall/75_90
